ProfileID,Age,GenderEncoded,RegionEncoded,EducationEncoded,FieldOfStudyEncoded,ExperienceYears,YearsSinceGraduation,YearsGap,DigitalSkillEncoded,EnglishLevelEncoded,CurrentEmploymentStatusEncoded,DesiredIndustryEncoded,PreferredJobTypeEncoded,TechSkillCount,SoftSkillCount,HasPythonSkill,HasDigitalMarketing,CertificationsCount
1,0.01933871678942301,-1.0080322575483704,1.30987665361978,-0.4911384470961842,-0.8648754667077224,-0.7891584945343187,-0.7820170906288442,-0.25720634659801117,-0.10391457649280908,0.2711693907027721,-0.8396322388547883,0.5166058589505277,0.4670491218491595,-1.148806863442157,-1.0020020040060118,-0.4250147577130797,2.3438230508096156,0.7500971552654602
2,0.01933871678942301,0.9920317455237933,0.8429390710086828,-1.1097007230359628,0.18643182669712655,0.3153320506501721,0.05080196222402497,-0.25720634659801117,-1.4534545309448759,-1.1712209853758033,-0.2876057833289577,0.868997304346522,-1.3292936544937617,0.06173777664441539,-1.0020020040060118,-0.4250147577130797,-0.42665336858709313,-1.3961035751078161
3,0.735587486768073,0.9920317455237933,0.959673466661457,-1.1097007230359628,1.2377391201019754,-0.7891584945343187,1.3000305415033289,2.6070068671883044,-0.10391457649280908,1.7135597667813476,-1.391658694380619,-1.2453513680294437,-0.43112226632230105,1.2722824167309879,-1.0020020040060118,2.352859475705742,2.3438230508096156,-0.32300320992117804
4,-1.4131588231678769,-1.0080322575483704,-0.7913424681301566,0.7459861047833729,1.5881748845702586,-0.7891584945343187,-0.7820170906288442,-0.25720634659801117,-0.10391457649280908,0.2711693907027721,-1.391658694380619,0.5166058589505277,-0.43112226632230105,1.2722824167309879,0.9980019960059882,-0.4250147577130797,-0.42665336858709313,0.7500971552654602
5,0.377463101778748,-1.0080322575483704,0.4927358840503601,0.7459861047833729,0.5368675911654095,-0.23691322194207332,0.8836210150768942,1.4613215816737781,-0.10391457649280908,0.2711693907027721,-0.8396322388547883,-0.18817703184146087,-0.43112226632230105,0.06173777664441539,0.9980019960059882,-0.4250147577130797,-0.42665336858709313,-0.32300320992117804
6,-1.055034438178552,0.9920317455237933,-1.024811259435705,0.7459861047833729,1.2377391201019754,-0.7891584945343187,-1.1984266170552789,-0.8300489893552743,1.2456253779592577,-1.1712209853758033,-1.391658694380619,0.1642144135545334,1.36522051002062,0.06173777664441539,0.9980019960059882,-0.4250147577130797,-0.42665336858709313,0.7500971552654602
7,0.735587486768073,-1.0080322575483704,0.37600148839758585,-1.1097007230359628,1.2377391201019754,1.4198225958346629,0.4672114886504596,-0.8300489893552743,-1.4534545309448759,0.2711693907027721,0.8164471277227036,-0.8929599226334495,-0.43112226632230105,-1.148806863442157,-1.0020020040060118,-0.4250147577130797,-0.42665336858709313,-0.32300320992117804
8,0.735587486768073,0.9920317455237933,-0.9080768637829308,1.3645483807231515,-0.8648754667077224,-0.23691322194207332,0.4672114886504596,0.888478938916515,1.2456253779592577,1.7135597667813476,-0.8396322388547883,0.5166058589505277,0.4670491218491595,-1.148806863442157,-1.0020020040060118,-0.4250147577130797,-0.42665336858709313,-1.3961035751078161
9,0.01933871678942301,-1.0080322575483704,-0.7913424681301566,0.12742382884359435,-1.5657469956442884,0.3153320506501721,0.05080196222402497,-0.25720634659801117,-0.10391457649280908,0.2711693907027721,0.8164471277227036,-0.5405684772374552,1.36522051002062,0.06173777664441539,-1.0020020040060118,-0.4250147577130797,-0.42665336858709313,-1.3961035751078161
10,-1.4131588231678769,0.9920317455237933,-0.3244048855190596,1.3645483807231515,-0.5144397022394394,-0.7891584945343187,-0.7820170906288442,-0.25720634659801117,-0.10391457649280908,-1.1712209853758033,0.26442067219687293,1.5737801951385104,-0.43112226632230105,1.2722824167309879,0.9980019960059882,-0.4250147577130797,-0.42665336858709313,-1.3961035751078161
11,-1.7712832081572016,-1.0080322575483704,1.1931422579670057,0.7459861047833729,-1.5657469956442884,-0.7891584945343187,-1.1984266170552789,-0.8300489893552743,-0.10391457649280908,-1.1712209853758033,-0.8396322388547883,-0.5405684772374552,-0.43112226632230105,-1.148806863442157,-1.0020020040060118,-0.4250147577130797,-0.42665336858709313,-0.32300320992117804
12,1.093711871757398,-1.0080322575483704,-0.20767048986628536,-1.1097007230359628,0.18643182669712655,-0.23691322194207332,2.132849594356198,3.1798495099455675,1.2456253779592577,1.7135597667813476,-0.8396322388547883,0.5166058589505277,-0.43112226632230105,-1.148806863442157,0.9980019960059882,-0.4250147577130797,-0.42665336858709313,-1.3961035751078161
13,1.451836256746723,-1.0080322575483704,-1.4917488420468021,-0.4911384470961842,0.8873033556336926,3.076558413611399,2.132849594356198,-0.25720634659801117,1.2456253779592577,-1.1712209853758033,-0.8396322388547883,0.1642144135545334,1.36522051002062,1.2722824167309879,-1.0020020040060118,2.352859475705742,-0.42665336858709313,-1.3961035751078161
14,-0.6969100531892269,-1.0080322575483704,1.0764078623142312,0.7459861047833729,0.18643182669712655,-0.23691322194207332,-0.7820170906288442,-0.8300489893552743,1.2456253779592577,1.7135597667813476,1.3684735832485342,0.1642144135545334,1.36522051002062,1.2722824167309879,0.9980019960059882,-0.4250147577130797,2.3438230508096156,-0.32300320992117804
15,-1.7712832081572016,0.9920317455237933,0.8429390710086828,1.3645483807231515,-0.8648754667077224,-0.7891584945343187,-1.1984266170552789,-0.8300489893552743,-0.10391457649280908,0.2711693907027721,0.8164471277227036,1.5737801951385104,-0.43112226632230105,1.2722824167309879,-1.0020020040060118,-0.4250147577130797,2.3438230508096156,-1.3961035751078161
16,0.735587486768073,0.9920317455237933,0.4927358840503601,0.7459861047833729,0.5368675911654095,1.4198225958346629,2.132849594356198,1.4613215816737781,-1.4534545309448759,-1.1712209853758033,-0.8396322388547883,-0.8929599226334495,1.36522051002062,-1.148806863442157,0.9980019960059882,-0.4250147577130797,-0.42665336858709313,-0.32300320992117804
17,0.01933871678942301,-1.0080322575483704,0.6094702797031344,0.7459861047833729,1.5881748845702586,0.8675773232424175,0.8836210150768942,0.31563629615925193,-1.4534545309448759,-1.1712209853758033,1.3684735832485342,-1.597742813425438,-1.3292936544937617,-1.148806863442157,0.9980019960059882,-0.4250147577130797,-0.42665336858709313,-1.3961035751078161
18,2.1680850267253726,-1.0080322575483704,1.1931422579670057,1.3645483807231515,-0.16400393777115643,3.6288036862036446,2.5492591207826325,-0.25720634659801117,1.2456253779592577,-1.1712209853758033,1.3684735832485342,1.2213887497425162,-1.3292936544937617,-1.148806863442157,0.9980019960059882,-0.4250147577130797,-0.42665336858709313,1.8231975204520983
19,1.8099606417360476,0.9920317455237933,-0.3244048855190596,1.3645483807231515,0.18643182669712655,-0.7891584945343187,-1.1984266170552789,-0.8300489893552743,-0.10391457649280908,-1.1712209853758033,-0.8396322388547883,-0.5405684772374552,-1.3292936544937617,-1.148806863442157,-1.0020020040060118,-0.4250147577130797,-0.42665336858709313,-0.32300320992117804
20,-0.3387856681999019,0.9920317455237933,-1.6084832376995764,1.3645483807231515,-1.5657469956442884,-0.7891584945343187,-0.7820170906288442,-0.25720634659801117,1.2456253779592577,-1.1712209853758033,1.3684735832485342,0.5166058589505277,-1.3292936544937617,0.06173777664441539,0.9980019960059882,-0.4250147577130797,-0.42665336858709313,-1.3961035751078161
21,-0.6969100531892269,-1.0080322575483704,1.426611049272554,0.12742382884359435,0.18643182669712655,-0.7891584945343187,0.05080196222402497,0.888478938916515,-0.10391457649280908,0.2711693907027721,1.3684735832485342,0.868997304346522,1.36522051002062,1.2722824167309879,-1.0020020040060118,-0.4250147577130797,-0.42665336858709313,0.7500971552654602
22,-0.3387856681999019,0.9920317455237933,0.025798301439263118,-1.1097007230359628,0.5368675911654095,0.8675773232424175,0.8836210150768942,0.31563629615925193,-0.10391457649280908,0.2711693907027721,-1.391658694380619,-0.5405684772374552,0.4670491218491595,1.2722824167309879,-1.0020020040060118,-0.4250147577130797,-0.42665336858709313,-0.32300320992117804
23,-0.6969100531892269,-1.0080322575483704,0.025798301439263118,-1.1097007230359628,-0.5144397022394394,-0.7891584945343187,-0.7820170906288442,-0.25720634659801117,1.2456253779592577,0.2711693907027721,-1.391658694380619,0.5166058589505277,-0.43112226632230105,1.2722824167309879,-1.0020020040060118,-0.4250147577130797,-0.42665336858709313,1.8231975204520983
24,0.377463101778748,-1.0080322575483704,0.025798301439263118,1.3645483807231515,-0.16400393777115643,0.8675773232424175,0.05080196222402497,-0.8300489893552743,-0.10391457649280908,-1.1712209853758033,-1.391658694380619,1.2213887497425162,1.36522051002062,0.06173777664441539,0.9980019960059882,-0.4250147577130797,-0.42665336858709313,1.8231975204520983
25,0.377463101778748,0.9920317455237933,0.025798301439263118,1.3645483807231515,-1.5657469956442884,0.8675773232424175,0.8836210150768942,0.31563629615925193,-0.10391457649280908,0.2711693907027721,0.26442067219687293,1.5737801951385104,0.4670491218491595,-1.148806863442157,0.9980019960059882,-0.4250147577130797,-0.42665336858709313,0.7500971552654602
26,-1.4131588231678769,-1.0080322575483704,1.5433454449253283,0.12742382884359435,-0.5144397022394394,-0.7891584945343187,-1.1984266170552789,-0.8300489893552743,-0.10391457649280908,1.7135597667813476,0.8164471277227036,-1.597742813425438,-0.43112226632230105,0.06173777664441539,0.9980019960059882,-0.4250147577130797,2.3438230508096156,-0.32300320992117804
27,-1.4131588231678769,0.9920317455237933,1.426611049272554,1.3645483807231515,-0.16400393777115643,-0.7891584945343187,-1.1984266170552789,-0.8300489893552743,-0.10391457649280908,1.7135597667813476,1.3684735832485342,0.868997304346522,0.4670491218491595,1.2722824167309879,0.9980019960059882,-0.4250147577130797,-0.42665336858709313,-0.32300320992117804
28,1.093711871757398,0.9920317455237933,-0.4411392811718339,1.3645483807231515,1.2377391201019754,0.3153320506501721,-0.36560756420240964,-0.8300489893552743,-0.10391457649280908,1.7135597667813476,-1.391658694380619,1.2213887497425162,1.36522051002062,1.2722824167309879,-1.0020020040060118,-0.4250147577130797,-0.42665336858709313,-0.32300320992117804
29,0.01933871678942301,-1.0080322575483704,-0.7913424681301566,0.12742382884359435,-0.16400393777115643,0.8675773232424175,1.3000305415033289,0.888478938916515,1.2456253779592577,-1.1712209853758033,0.8164471277227036,1.5737801951385104,1.36522051002062,0.06173777664441539,-1.0020020040060118,2.352859475705742,2.3438230508096156,0.7500971552654602
30,-1.055034438178552,-1.0080322575483704,-1.4917488420468021,-1.1097007230359628,0.8873033556336926,-0.7891584945343187,-1.1984266170552789,-0.8300489893552743,-0.10391457649280908,-1.1712209853758033,1.3684735832485342,0.1642144135545334,1.36522051002062,-1.148806863442157,-1.0020020040060118,-0.4250147577130797,-0.42665336858709313,-0.32300320992117804
31,-0.3387856681999019,0.9920317455237933,0.959673466661457,0.7459861047833729,0.5368675911654095,0.3153320506501721,-0.36560756420240964,-0.8300489893552743,-0.10391457649280908,-1.1712209853758033,-0.8396322388547883,1.2213887497425162,-1.3292936544937617,1.2722824167309879,0.9980019960059882,-0.4250147577130797,2.3438230508096156,-1.3961035751078161
32,-1.4131588231678769,-1.0080322575483704,-1.024811259435705,0.12742382884359435,0.5368675911654095,-0.7891584945343187,-0.7820170906288442,-0.25720634659801117,-0.10391457649280908,1.7135597667813476,1.3684735832485342,1.5737801951385104,0.4670491218491595,0.06173777664441539,0.9980019960059882,-0.4250147577130797,-0.42665336858709313,1.8231975204520983
33,-1.4131588231678769,0.9920317455237933,0.6094702797031344,-0.4911384470961842,-1.2153112311760055,-0.23691322194207332,-0.7820170906288442,-0.8300489893552743,1.2456253779592577,-1.1712209853758033,-0.2876057833289577,-1.2453513680294437,-1.3292936544937617,1.2722824167309879,-1.0020020040060118,-0.4250147577130797,-0.42665336858709313,0.7500971552654602
34,-0.6969100531892269,0.9920317455237933,-0.6746080724773823,0.12742382884359435,0.18643182669712655,0.8675773232424175,0.05080196222402497,-0.8300489893552743,-1.4534545309448759,-1.1712209853758033,1.3684735832485342,-0.5405684772374552,-1.3292936544937617,1.2722824167309879,0.9980019960059882,-0.4250147577130797,-0.42665336858709313,-0.32300320992117804
35,0.01933871678942301,-1.0080322575483704,-0.6746080724773823,0.7459861047833729,1.5881748845702586,-0.7891584945343187,-1.1984266170552789,-0.8300489893552743,1.2456253779592577,0.2711693907027721,1.3684735832485342,0.1642144135545334,-1.3292936544937617,-1.148806863442157,-1.0020020040060118,-0.4250147577130797,-0.42665336858709313,-0.32300320992117804
36,0.377463101778748,0.9920317455237933,-1.375014446394028,1.3645483807231515,-1.5657469956442884,-0.23691322194207332,0.4672114886504596,0.888478938916515,-0.10391457649280908,0.2711693907027721,0.8164471277227036,1.2213887497425162,-1.3292936544937617,0.06173777664441539,-1.0020020040060118,-0.4250147577130797,-0.42665336858709313,1.8231975204520983
37,-0.3387856681999019,-1.0080322575483704,0.8429390710086828,-1.7282629989757414,-1.5657469956442884,-0.7891584945343187,-1.1984266170552789,-0.8300489893552743,1.2456253779592577,0.2711693907027721,1.3684735832485342,-0.5405684772374552,1.36522051002062,1.2722824167309879,0.9980019960059882,-0.4250147577130797,-0.42665336858709313,-0.32300320992117804
38,0.377463101778748,0.9920317455237933,1.30987665361978,1.3645483807231515,0.18643182669712655,-0.23691322194207332,0.05080196222402497,0.31563629615925193,1.2456253779592577,-1.1712209853758033,1.3684735832485342,1.5737801951385104,1.36522051002062,-1.148806863442157,0.9980019960059882,-0.4250147577130797,-0.42665336858709313,-1.3961035751078161
39,-0.3387856681999019,0.9920317455237933,0.025798301439263118,0.12742382884359435,-1.5657469956442884,0.3153320506501721,-0.36560756420240964,-0.8300489893552743,-0.10391457649280908,1.7135597667813476,1.3684735832485342,0.5166058589505277,-0.43112226632230105,1.2722824167309879,-1.0020020040060118,-0.4250147577130797,2.3438230508096156,-0.32300320992117804
40,-1.055034438178552,-1.0080322575483704,-1.024811259435705,-1.1097007230359628,0.18643182669712655,0.3153320506501721,-0.36560756420240964,-0.8300489893552743,-0.10391457649280908,-1.1712209853758033,-1.391658694380619,-0.18817703184146087,1.36522051002062,1.2722824167309879,-1.0020020040060118,2.352859475705742,-0.42665336858709313,1.8231975204520983
41,-1.4131588231678769,0.9920317455237933,-0.09093609421351112,0.7459861047833729,0.5368675911654095,0.3153320506501721,-0.36560756420240964,-0.8300489893552743,-0.10391457649280908,-1.1712209853758033,-0.8396322388547883,0.868997304346522,0.4670491218491595,-1.148806863442157,0.9980019960059882,-0.4250147577130797,-0.42665336858709313,0.7500971552654602
42,-0.6969100531892269,0.9920317455237933,0.959673466661457,-0.4911384470961842,0.5368675911654095,-0.7891584945343187,0.05080196222402497,0.888478938916515,-0.10391457649280908,-1.1712209853758033,1.3684735832485342,0.868997304346522,1.36522051002062,1.2722824167309879,-1.0020020040060118,2.352859475705742,-0.42665336858709313,0.7500971552654602
43,0.01933871678942301,-1.0080322575483704,0.959673466661457,-1.1097007230359628,-0.16400393777115643,-0.23691322194207332,-0.36560756420240964,-0.25720634659801117,-1.4534545309448759,0.2711693907027721,0.8164471277227036,0.1642144135545334,-0.43112226632230105,1.2722824167309879,0.9980019960059882,-0.4250147577130797,-0.42665336858709313,-0.32300320992117804
44,-0.6969100531892269,-1.0080322575483704,1.1931422579670057,-1.1097007230359628,-1.5657469956442884,0.3153320506501721,-0.36560756420240964,-0.8300489893552743,-0.10391457649280908,0.2711693907027721,0.26442067219687293,-0.18817703184146087,-0.43112226632230105,0.06173777664441539,-1.0020020040060118,-0.4250147577130797,-0.42665336858709313,0.7500971552654602
45,-0.3387856681999019,0.9920317455237933,1.1931422579670057,-1.1097007230359628,-1.2153112311760055,0.3153320506501721,0.4672114886504596,0.31563629615925193,-1.4534545309448759,-1.1712209853758033,1.3684735832485342,0.1642144135545334,0.4670491218491595,-1.148806863442157,0.9980019960059882,-0.4250147577130797,-0.42665336858709313,-0.32300320992117804
46,1.8099606417360476,0.9920317455237933,-1.375014446394028,1.3645483807231515,-0.8648754667077224,0.8675773232424175,0.05080196222402497,-0.8300489893552743,1.2456253779592577,0.2711693907027721,0.8164471277227036,-0.18817703184146087,0.4670491218491595,0.06173777664441539,-1.0020020040060118,2.352859475705742,-0.42665336858709313,0.7500971552654602
47,0.01933871678942301,-1.0080322575483704,0.959673466661457,0.7459861047833729,0.18643182669712655,1.9720678684269082,1.3000305415033289,-0.25720634659801117,-1.4534545309448759,-1.1712209853758033,-0.2876057833289577,-0.8929599226334495,-1.3292936544937617,1.2722824167309879,0.9980019960059882,-0.4250147577130797,2.3438230508096156,0.7500971552654602
48,0.01933871678942301,0.9920317455237933,-0.09093609421351112,1.3645483807231515,-0.16400393777115643,-0.7891584945343187,0.8836210150768942,2.0341642244310414,-0.10391457649280908,-1.1712209853758033,-1.391658694380619,0.5166058589505277,0.4670491218491595,-1.148806863442157,-1.0020020040060118,-0.4250147577130797,-0.42665336858709313,-0.32300320992117804
49,0.01933871678942301,-1.0080322575483704,-1.4917488420468021,0.12742382884359435,0.5368675911654095,-0.7891584945343187,-0.7820170906288442,-0.25720634659801117,1.2456253779592577,0.2711693907027721,0.26442067219687293,-0.5405684772374552,0.4670491218491595,1.2722824167309879,0.9980019960059882,-0.4250147577130797,-0.42665336858709313,1.8231975204520983
50,1.093711871757398,0.9920317455237933,-1.7252176333523506,1.3645483807231515,-0.5144397022394394,1.4198225958346629,2.5492591207826325,2.0341642244310414,-0.10391457649280908,0.2711693907027721,1.3684735832485342,-0.8929599226334495,-0.43112226632230105,0.06173777664441539,0.9980019960059882,-0.4250147577130797,-0.42665336858709313,1.8231975204520983
51,-0.3387856681999019,0.9920317455237933,-1.6084832376995764,0.12742382884359435,0.8873033556336926,-0.7891584945343187,0.8836210150768942,2.0341642244310414,-1.4534545309448759,0.2711693907027721,-0.8396322388547883,-0.8929599226334495,-0.43112226632230105,1.2722824167309879,-1.0020020040060118,-0.4250147577130797,-0.42665336858709313,-0.32300320992117804
52,1.451836256746723,0.9920317455237933,1.426611049272554,-0.4911384470961842,1.2377391201019754,-0.7891584945343187,-0.36560756420240964,0.31563629615925193,-1.4534545309448759,-1.1712209853758033,0.26442067219687293,-0.5405684772374552,-0.43112226632230105,1.2722824167309879,-1.0020020040060118,-0.4250147577130797,-0.42665336858709313,1.8231975204520983
53,0.377463101778748,-1.0080322575483704,0.14253269709203736,0.7459861047833729,1.5881748845702586,0.8675773232424175,0.05080196222402497,-0.8300489893552743,-1.4534545309448759,1.7135597667813476,1.3684735832485342,0.868997304346522,1.36522051002062,0.06173777664441539,0.9980019960059882,-0.4250147577130797,-0.42665336858709313,-1.3961035751078161
54,-1.055034438178552,-1.0080322575483704,0.25926709274481163,-1.7282629989757414,-0.8648754667077224,0.3153320506501721,-0.36560756420240964,-0.8300489893552743,1.2456253779592577,-1.1712209853758033,-0.8396322388547883,-0.8929599226334495,0.4670491218491595,-1.148806863442157,-1.0020020040060118,2.352859475705742,-0.42665336858709313,-1.3961035751078161
55,0.735587486768073,0.9920317455237933,-1.375014446394028,0.12742382884359435,1.2377391201019754,2.5243131410191535,2.132849594356198,0.31563629615925193,-0.10391457649280908,0.2711693907027721,-0.8396322388547883,0.5166058589505277,0.4670491218491595,1.2722824167309879,-1.0020020040060118,2.352859475705742,-0.42665336858709313,1.8231975204520983
56,0.735587486768073,-1.0080322575483704,0.7262046753559086,-1.1097007230359628,-1.2153112311760055,-0.7891584945343187,0.8836210150768942,2.0341642244310414,-0.10391457649280908,-1.1712209853758033,0.8164471277227036,-0.18817703184146087,1.36522051002062,1.2722824167309879,-1.0020020040060118,2.352859475705742,-0.42665336858709313,-1.3961035751078161
57,0.377463101778748,-1.0080322575483704,-1.1415456550884793,0.12742382884359435,0.18643182669712655,-0.7891584945343187,-1.1984266170552789,-0.8300489893552743,-1.4534545309448759,-1.1712209853758033,0.8164471277227036,-0.8929599226334495,-0.43112226632230105,-1.148806863442157,-1.0020020040060118,-0.4250147577130797,-0.42665336858709313,-0.32300320992117804
58,-0.6969100531892269,0.9920317455237933,-0.09093609421351112,0.7459861047833729,-1.5657469956442884,-0.7891584945343187,0.05080196222402497,0.888478938916515,-0.10391457649280908,0.2711693907027721,-0.2876057833289577,1.5737801951385104,1.36522051002062,0.06173777664441539,0.9980019960059882,2.352859475705742,-0.42665336858709313,1.8231975204520983
59,-1.7712832081572016,-1.0080322575483704,1.1931422579670057,0.7459861047833729,-0.8648754667077224,-0.7891584945343187,-1.1984266170552789,-0.8300489893552743,-0.10391457649280908,-1.1712209853758033,1.3684735832485342,0.1642144135545334,-1.3292936544937617,0.06173777664441539,0.9980019960059882,-0.4250147577130797,-0.42665336858709313,0.7500971552654602
60,0.01933871678942301,0.9920317455237933,-1.4917488420468021,0.12742382884359435,-1.5657469956442884,-0.23691322194207332,-0.7820170906288442,-0.8300489893552743,-0.10391457649280908,-1.1712209853758033,1.3684735832485342,-0.18817703184146087,0.4670491218491595,0.06173777664441539,0.9980019960059882,-0.4250147577130797,-0.42665336858709313,0.7500971552654602
61,0.377463101778748,-1.0080322575483704,-1.2582800507412535,0.7459861047833729,0.5368675911654095,-0.23691322194207332,0.8836210150768942,1.4613215816737781,-0.10391457649280908,0.2711693907027721,-1.391658694380619,-1.2453513680294437,1.36522051002062,0.06173777664441539,0.9980019960059882,2.352859475705742,-0.42665336858709313,-1.3961035751078161
62,-0.3387856681999019,0.9920317455237933,0.37600148839758585,-0.4911384470961842,1.2377391201019754,-0.7891584945343187,-1.1984266170552789,-0.8300489893552743,-1.4534545309448759,0.2711693907027721,-0.2876057833289577,0.1642144135545334,-0.43112226632230105,0.06173777664441539,0.9980019960059882,-0.4250147577130797,-0.42665336858709313,0.7500971552654602
63,-0.3387856681999019,-1.0080322575483704,0.25926709274481163,0.7459861047833729,1.5881748845702586,0.8675773232424175,0.8836210150768942,0.31563629615925193,1.2456253779592577,0.2711693907027721,-0.8396322388547883,0.5166058589505277,-0.43112226632230105,0.06173777664441539,-1.0020020040060118,-0.4250147577130797,-0.42665336858709313,0.7500971552654602
64,0.377463101778748,0.9920317455237933,0.4927358840503601,0.7459861047833729,0.18643182669712655,-0.7891584945343187,-1.1984266170552789,-0.8300489893552743,1.2456253779592577,0.2711693907027721,0.26442067219687293,-0.18817703184146087,0.4670491218491595,0.06173777664441539,0.9980019960059882,-0.4250147577130797,-0.42665336858709313,0.7500971552654602
65,1.093711871757398,-1.0080322575483704,0.4927358840503601,-1.7282629989757414,-0.8648754667077224,-0.7891584945343187,-1.1984266170552789,-0.8300489893552743,-0.10391457649280908,-1.1712209853758033,0.8164471277227036,-0.8929599226334495,-1.3292936544937617,0.06173777664441539,0.9980019960059882,-0.4250147577130797,-0.42665336858709313,-0.32300320992117804
66,0.377463101778748,0.9920317455237933,-1.1415456550884793,1.3645483807231515,0.8873033556336926,-0.7891584945343187,0.8836210150768942,2.0341642244310414,-0.10391457649280908,0.2711693907027721,0.26442067219687293,-0.18817703184146087,1.36522051002062,0.06173777664441539,0.9980019960059882,-0.4250147577130797,-0.42665336858709313,-1.3961035751078161
67,-1.4131588231678769,-1.0080322575483704,0.25926709274481163,-0.4911384470961842,1.2377391201019754,-0.7891584945343187,-0.7820170906288442,-0.25720634659801117,1.2456253779592577,0.2711693907027721,-1.391658694380619,0.868997304346522,-1.3292936544937617,1.2722824167309879,-1.0020020040060118,-0.4250147577130797,-0.42665336858709313,-0.32300320992117804
68,0.377463101778748,-1.0080322575483704,0.14253269709203736,-0.4911384470961842,0.5368675911654095,-0.7891584945343187,-0.36560756420240964,0.31563629615925193,1.2456253779592577,-1.1712209853758033,0.8164471277227036,-1.597742813425438,1.36522051002062,-1.148806863442157,0.9980019960059882,-0.4250147577130797,-0.42665336858709313,-1.3961035751078161
69,-1.055034438178552,-1.0080322575483704,-0.4411392811718339,-1.7282629989757414,0.8873033556336926,0.3153320506501721,-0.36560756420240964,-0.8300489893552743,1.2456253779592577,0.2711693907027721,0.8164471277227036,-1.2453513680294437,-1.3292936544937617,-1.148806863442157,0.9980019960059882,-0.4250147577130797,2.3438230508096156,-0.32300320992117804
70,-1.4131588231678769,0.9920317455237933,-0.20767048986628536,-1.1097007230359628,-0.5144397022394394,-0.7891584945343187,-1.1984266170552789,-0.8300489893552743,-0.10391457649280908,1.7135597667813476,-0.8396322388547883,0.5166058589505277,-0.43112226632230105,-1.148806863442157,0.9980019960059882,-0.4250147577130797,-0.42665336858709313,-0.32300320992117804
71,0.377463101778748,-1.0080322575483704,-0.5578736768246081,0.7459861047833729,-0.8648754667077224,-0.7891584945343187,0.8836210150768942,2.0341642244310414,-0.10391457649280908,0.2711693907027721,0.26442067219687293,-0.8929599226334495,-0.43112226632230105,0.06173777664441539,0.9980019960059882,-0.4250147577130797,2.3438230508096156,-0.32300320992117804
72,-1.4131588231678769,0.9920317455237933,-0.9080768637829308,-0.4911384470961842,-1.2153112311760055,-0.7891584945343187,-0.7820170906288442,-0.25720634659801117,-0.10391457649280908,1.7135597667813476,-0.2876057833289577,1.5737801951385104,1.36522051002062,1.2722824167309879,0.9980019960059882,-0.4250147577130797,-0.42665336858709313,-0.32300320992117804
73,0.735587486768073,-1.0080322575483704,0.025798301439263118,-0.4911384470961842,0.8873033556336926,-0.7891584945343187,-0.7820170906288442,-0.25720634659801117,-0.10391457649280908,1.7135597667813476,-1.391658694380619,0.1642144135545334,0.4670491218491595,-1.148806863442157,-1.0020020040060118,-0.4250147577130797,-0.42665336858709313,-0.32300320992117804
74,0.01933871678942301,-1.0080322575483704,1.6600798405781025,-0.4911384470961842,0.8873033556336926,0.8675773232424175,0.8836210150768942,0.31563629615925193,1.2456253779592577,-1.1712209853758033,-0.8396322388547883,-0.18817703184146087,-0.43112226632230105,0.06173777664441539,0.9980019960059882,-0.4250147577130797,-0.42665336858709313,1.8231975204520983
75,0.377463101778748,-1.0080322575483704,1.5433454449253283,-1.7282629989757414,0.5368675911654095,1.4198225958346629,0.8836210150768942,-0.25720634659801117,-1.4534545309448759,0.2711693907027721,0.26442067219687293,0.5166058589505277,-1.3292936544937617,-1.148806863442157,0.9980019960059882,-0.4250147577130797,-0.42665336858709313,-1.3961035751078161
76,0.735587486768073,0.9920317455237933,0.37600148839758585,1.3645483807231515,0.5368675911654095,-0.7891584945343187,-1.1984266170552789,-0.8300489893552743,1.2456253779592577,0.2711693907027721,1.3684735832485342,0.5166058589505277,-1.3292936544937617,-1.148806863442157,-1.0020020040060118,-0.4250147577130797,-0.42665336858709313,-1.3961035751078161
77,-0.3387856681999019,0.9920317455237933,-1.4917488420468021,0.12742382884359435,-1.5657469956442884,-0.7891584945343187,0.05080196222402497,0.888478938916515,-1.4534545309448759,-1.1712209853758033,1.3684735832485342,-1.597742813425438,0.4670491218491595,-1.148806863442157,0.9980019960059882,-0.4250147577130797,-0.42665336858709313,-0.32300320992117804
78,-0.3387856681999019,-1.0080322575483704,0.4927358840503601,1.3645483807231515,1.2377391201019754,-0.7891584945343187,0.05080196222402497,0.888478938916515,-0.10391457649280908,0.2711693907027721,-0.2876057833289577,-0.8929599226334495,0.4670491218491595,-1.148806863442157,-1.0020020040060118,-0.4250147577130797,-0.42665336858709313,-0.32300320992117804
79,1.093711871757398,0.9920317455237933,0.6094702797031344,-1.1097007230359628,1.2377391201019754,3.6288036862036446,2.132849594356198,-0.8300489893552743,1.2456253779592577,1.7135597667813476,0.8164471277227036,0.868997304346522,-1.3292936544937617,0.06173777664441539,0.9980019960059882,-0.4250147577130797,2.3438230508096156,-1.3961035751078161
80,0.377463101778748,0.9920317455237933,0.4927358840503601,0.12742382884359435,-0.5144397022394394,0.3153320506501721,-0.36560756420240964,-0.8300489893552743,-0.10391457649280908,0.2711693907027721,-1.391658694380619,-1.597742813425438,1.36522051002062,1.2722824167309879,-1.0020020040060118,2.352859475705742,-0.42665336858709313,-0.32300320992117804
81,1.093711871757398,0.9920317455237933,1.30987665361978,-0.4911384470961842,0.5368675911654095,0.3153320506501721,0.05080196222402497,-0.25720634659801117,-0.10391457649280908,0.2711693907027721,-0.8396322388547883,-1.2453513680294437,-1.3292936544937617,-1.148806863442157,0.9980019960059882,-0.4250147577130797,-0.42665336858709313,1.8231975204520983
82,0.01933871678942301,0.9920317455237933,-1.1415456550884793,-0.4911384470961842,0.5368675911654095,1.4198225958346629,1.3000305415033289,0.31563629615925193,1.2456253779592577,-1.1712209853758033,0.26442067219687293,0.868997304346522,-0.43112226632230105,1.2722824167309879,0.9980019960059882,-0.4250147577130797,2.3438230508096156,0.7500971552654602
83,0.01933871678942301,-1.0080322575483704,-0.7913424681301566,1.3645483807231515,1.2377391201019754,0.3153320506501721,-0.36560756420240964,-0.8300489893552743,-1.4534545309448759,-1.1712209853758033,-0.8396322388547883,1.2213887497425162,1.36522051002062,1.2722824167309879,-1.0020020040060118,-0.4250147577130797,-0.42665336858709313,-1.3961035751078161
84,0.377463101778748,0.9920317455237933,0.4927358840503601,-0.4911384470961842,-0.5144397022394394,-0.7891584945343187,-1.1984266170552789,-0.8300489893552743,-0.10391457649280908,1.7135597667813476,1.3684735832485342,0.5166058589505277,-0.43112226632230105,1.2722824167309879,-1.0020020040060118,-0.4250147577130797,-0.42665336858709313,0.7500971552654602
85,0.377463101778748,0.9920317455237933,1.0764078623142312,0.12742382884359435,1.2377391201019754,0.8675773232424175,1.7164400679297633,1.4613215816737781,-1.4534545309448759,-1.1712209853758033,-0.8396322388547883,-0.18817703184146087,-0.43112226632230105,-1.148806863442157,0.9980019960059882,-0.4250147577130797,2.3438230508096156,0.7500971552654602
86,-0.3387856681999019,0.9920317455237933,0.025798301439263118,0.12742382884359435,-0.8648754667077224,1.4198225958346629,0.4672114886504596,-0.8300489893552743,1.2456253779592577,-1.1712209853758033,0.8164471277227036,-1.597742813425438,-1.3292936544937617,1.2722824167309879,-1.0020020040060118,-0.4250147577130797,-0.42665336858709313,-0.32300320992117804
87,1.451836256746723,-1.0080322575483704,-1.024811259435705,0.7459861047833729,-0.16400393777115643,1.9720678684269082,1.3000305415033289,-0.25720634659801117,-0.10391457649280908,0.2711693907027721,-0.2876057833289577,0.1642144135545334,1.36522051002062,-1.148806863442157,0.9980019960059882,-0.4250147577130797,2.3438230508096156,-1.3961035751078161
88,1.451836256746723,-1.0080322575483704,0.7262046753559086,-1.1097007230359628,0.8873033556336926,-0.7891584945343187,-1.1984266170552789,-0.8300489893552743,-0.10391457649280908,-1.1712209853758033,0.8164471277227036,-0.5405684772374552,-1.3292936544937617,1.2722824167309879,0.9980019960059882,-0.4250147577130797,2.3438230508096156,-0.32300320992117804
89,0.735587486768073,0.9920317455237933,-0.5578736768246081,0.12742382884359435,0.5368675911654095,1.4198225958346629,0.8836210150768942,-0.25720634659801117,1.2456253779592577,1.7135597667813476,0.8164471277227036,0.1642144135545334,-1.3292936544937617,1.2722824167309879,0.9980019960059882,-0.4250147577130797,-0.42665336858709313,-0.32300320992117804
90,1.093711871757398,0.9920317455237933,-0.7913424681301566,0.7459861047833729,0.5368675911654095,-0.7891584945343187,-1.1984266170552789,-0.8300489893552743,-0.10391457649280908,0.2711693907027721,1.3684735832485342,0.1642144135545334,-0.43112226632230105,0.06173777664441539,-1.0020020040060118,-0.4250147577130797,-0.42665336858709313,-0.32300320992117804
91,0.735587486768073,0.9920317455237933,0.4927358840503601,0.7459861047833729,0.5368675911654095,-0.7891584945343187,-1.1984266170552789,-0.8300489893552743,-1.4534545309448759,1.7135597667813476,0.26442067219687293,-1.597742813425438,-1.3292936544937617,1.2722824167309879,0.9980019960059882,-0.4250147577130797,-0.42665336858709313,-1.3961035751078161
92,0.735587486768073,-1.0080322575483704,0.7262046753559086,1.3645483807231515,-0.8648754667077224,0.3153320506501721,0.05080196222402497,-0.25720634659801117,1.2456253779592577,-1.1712209853758033,-1.391658694380619,-0.18817703184146087,-1.3292936544937617,1.2722824167309879,0.9980019960059882,-0.4250147577130797,-0.42665336858709313,-1.3961035751078161
93,0.377463101778748,-1.0080322575483704,-1.6084832376995764,0.7459861047833729,-0.16400393777115643,1.4198225958346629,1.7164400679297633,0.888478938916515,-1.4534545309448759,0.2711693907027721,-1.391658694380619,-1.597742813425438,1.36522051002062,0.06173777664441539,0.9980019960059882,-0.4250147577130797,-0.42665336858709313,-0.32300320992117804
94,1.093711871757398,0.9920317455237933,0.14253269709203736,0.12742382884359435,1.5881748845702586,3.076558413611399,1.7164400679297633,-0.8300489893552743,1.2456253779592577,1.7135597667813476,0.8164471277227036,0.1642144135545334,-1.3292936544937617,-1.148806863442157,0.9980019960059882,-0.4250147577130797,-0.42665336858709313,0.7500971552654602
95,-1.055034438178552,-1.0080322575483704,-0.9080768637829308,1.3645483807231515,1.5881748845702586,0.3153320506501721,-0.36560756420240964,-0.8300489893552743,-1.4534545309448759,0.2711693907027721,-1.391658694380619,-0.8929599226334495,-0.43112226632230105,1.2722824167309879,0.9980019960059882,2.352859475705742,-0.42665336858709313,-0.32300320992117804
96,1.093711871757398,-1.0080322575483704,0.025798301439263118,-1.1097007230359628,-0.8648754667077224,-0.23691322194207332,1.3000305415033289,2.0341642244310414,-0.10391457649280908,-1.1712209853758033,0.26442067219687293,0.1642144135545334,0.4670491218491595,1.2722824167309879,0.9980019960059882,2.352859475705742,-0.42665336858709313,-0.32300320992117804
97,-0.3387856681999019,0.9920317455237933,0.6094702797031344,0.12742382884359435,0.18643182669712655,1.9720678684269082,0.8836210150768942,-0.8300489893552743,-0.10391457649280908,0.2711693907027721,-1.391658694380619,-0.5405684772374552,-0.43112226632230105,0.06173777664441539,0.9980019960059882,-0.4250147577130797,-0.42665336858709313,-0.32300320992117804
98,0.735587486768073,0.9920317455237933,0.37600148839758585,-0.4911384470961842,-0.8648754667077224,2.5243131410191535,2.132849594356198,0.31563629615925193,-1.4534545309448759,0.2711693907027721,1.3684735832485342,-1.597742813425438,-1.3292936544937617,-1.148806863442157,0.9980019960059882,-0.4250147577130797,2.3438230508096156,-0.32300320992117804
99,-0.3387856681999019,-1.0080322575483704,-0.09093609421351112,-1.7282629989757414,0.5368675911654095,-0.23691322194207332,0.4672114886504596,0.888478938916515,1.2456253779592577,0.2711693907027721,-1.391658694380619,-0.5405684772374552,1.36522051002062,-1.148806863442157,0.9980019960059882,-0.4250147577130797,-0.42665336858709313,1.8231975204520983
100,-0.3387856681999019,0.9920317455237933,0.25926709274481163,-1.1097007230359628,1.5881748845702586,-0.23691322194207332,-0.7820170906288442,-0.8300489893552743,-0.10391457649280908,0.2711693907027721,-0.8396322388547883,0.5166058589505277,-0.43112226632230105,1.2722824167309879,-1.0020020040060118,2.352859475705742,-0.42665336858709313,-0.32300320992117804
101,1.451836256746723,-1.0080322575483704,1.426611049272554,0.7459861047833729,1.2377391201019754,0.3153320506501721,0.8836210150768942,0.888478938916515,-0.10391457649280908,0.2711693907027721,-1.391658694380619,-1.597742813425438,0.4670491218491595,0.06173777664441539,-1.0020020040060118,-0.4250147577130797,-0.42665336858709313,0.7500971552654602
102,0.01933871678942301,-1.0080322575483704,-1.7252176333523506,0.12742382884359435,0.18643182669712655,-0.23691322194207332,0.4672114886504596,0.888478938916515,1.2456253779592577,1.7135597667813476,-0.8396322388547883,0.868997304346522,-1.3292936544937617,-1.148806863442157,-1.0020020040060118,-0.4250147577130797,-0.42665336858709313,-0.32300320992117804
103,-0.6969100531892269,0.9920317455237933,-0.3244048855190596,-0.4911384470961842,0.8873033556336926,-0.23691322194207332,-0.36560756420240964,-0.25720634659801117,-0.10391457649280908,0.2711693907027721,1.3684735832485342,-1.2453513680294437,-0.43112226632230105,-1.148806863442157,0.9980019960059882,-0.4250147577130797,-0.42665336858709313,0.7500971552654602
104,0.735587486768073,-1.0080322575483704,-1.6084832376995764,-0.4911384470961842,-0.8648754667077224,-0.23691322194207332,-0.36560756420240964,-0.25720634659801117,1.2456253779592577,0.2711693907027721,-1.391658694380619,0.868997304346522,0.4670491218491595,1.2722824167309879,0.9980019960059882,-0.4250147577130797,2.3438230508096156,1.8231975204520983
105,0.735587486768073,0.9920317455237933,0.7262046753559086,-1.1097007230359628,1.5881748845702586,-0.23691322194207332,-0.36560756420240964,-0.25720634659801117,-1.4534545309448759,0.2711693907027721,-1.391658694380619,0.1642144135545334,0.4670491218491595,-1.148806863442157,-1.0020020040060118,-0.4250147577130797,-0.42665336858709313,-0.32300320992117804
106,-0.3387856681999019,-1.0080322575483704,0.37600148839758585,-1.1097007230359628,0.5368675911654095,0.3153320506501721,0.8836210150768942,0.888478938916515,-0.10391457649280908,0.2711693907027721,-0.2876057833289577,-0.5405684772374552,1.36522051002062,-1.148806863442157,-1.0020020040060118,-0.4250147577130797,-0.42665336858709313,1.8231975204520983
107,1.093711871757398,-1.0080322575483704,1.5433454449253283,0.12742382884359435,1.5881748845702586,0.3153320506501721,1.3000305415033289,1.4613215816737781,-1.4534545309448759,0.2711693907027721,-0.8396322388547883,0.868997304346522,0.4670491218491595,-1.148806863442157,0.9980019960059882,-0.4250147577130797,-0.42665336858709313,-0.32300320992117804
108,0.377463101778748,0.9920317455237933,0.8429390710086828,0.12742382884359435,1.5881748845702586,0.8675773232424175,0.4672114886504596,-0.25720634659801117,-0.10391457649280908,0.2711693907027721,-1.391658694380619,-0.5405684772374552,-0.43112226632230105,0.06173777664441539,-1.0020020040060118,-0.4250147577130797,-0.42665336858709313,0.7500971552654602
109,0.01933871678942301,-1.0080322575483704,1.0764078623142312,-1.7282629989757414,-0.8648754667077224,-0.7891584945343187,0.05080196222402497,0.888478938916515,1.2456253779592577,-1.1712209853758033,0.26442067219687293,1.5737801951385104,-0.43112226632230105,-1.148806863442157,0.9980019960059882,-0.4250147577130797,-0.42665336858709313,-0.32300320992117804
110,0.377463101778748,-1.0080322575483704,-1.024811259435705,-0.4911384470961842,-0.8648754667077224,0.3153320506501721,0.4672114886504596,0.31563629615925193,1.2456253779592577,1.7135597667813476,-0.8396322388547883,-1.597742813425438,0.4670491218491595,1.2722824167309879,0.9980019960059882,2.352859475705742,-0.42665336858709313,-0.32300320992117804
111,-1.7712832081572016,-1.0080322575483704,-1.6084832376995764,-0.4911384470961842,0.18643182669712655,-0.7891584945343187,-1.1984266170552789,-0.8300489893552743,-1.4534545309448759,0.2711693907027721,-0.8396322388547883,1.5737801951385104,-0.43112226632230105,0.06173777664441539,0.9980019960059882,-0.4250147577130797,-0.42665336858709313,-1.3961035751078161
112,0.377463101778748,-1.0080322575483704,1.426611049272554,-0.4911384470961842,0.5368675911654095,-0.7891584945343187,-1.1984266170552789,-0.8300489893552743,1.2456253779592577,0.2711693907027721,-0.2876057833289577,1.5737801951385104,-0.43112226632230105,0.06173777664441539,-1.0020020040060118,-0.4250147577130797,-0.42665336858709313,1.8231975204520983
113,1.451836256746723,0.9920317455237933,0.37600148839758585,0.12742382884359435,-1.2153112311760055,-0.23691322194207332,1.3000305415033289,2.0341642244310414,-0.10391457649280908,0.2711693907027721,0.26442067219687293,1.5737801951385104,-1.3292936544937617,0.06173777664441539,0.9980019960059882,-0.4250147577130797,-0.42665336858709313,0.7500971552654602
114,-0.6969100531892269,0.9920317455237933,-0.6746080724773823,-0.4911384470961842,0.5368675911654095,-0.7891584945343187,0.05080196222402497,0.888478938916515,-0.10391457649280908,-1.1712209853758033,0.8164471277227036,-0.8929599226334495,0.4670491218491595,0.06173777664441539,-1.0020020040060118,-0.4250147577130797,-0.42665336858709313,-0.32300320992117804
115,1.451836256746723,-1.0080322575483704,-1.4917488420468021,-1.1097007230359628,-0.16400393777115643,0.3153320506501721,-0.36560756420240964,-0.8300489893552743,-1.4534545309448759,-1.1712209853758033,-0.2876057833289577,-0.18817703184146087,-0.43112226632230105,1.2722824167309879,-1.0020020040060118,2.352859475705742,2.3438230508096156,-1.3961035751078161
116,-0.3387856681999019,0.9920317455237933,-1.7252176333523506,0.7459861047833729,-0.8648754667077224,0.8675773232424175,0.4672114886504596,-0.25720634659801117,-0.10391457649280908,0.2711693907027721,-1.391658694380619,0.1642144135545334,0.4670491218491595,1.2722824167309879,-1.0020020040060118,-0.4250147577130797,-0.42665336858709313,0.7500971552654602
117,0.735587486768073,-1.0080322575483704,-0.5578736768246081,0.12742382884359435,-1.5657469956442884,-0.7891584945343187,-0.36560756420240964,0.31563629615925193,-1.4534545309448759,0.2711693907027721,1.3684735832485342,0.1642144135545334,-1.3292936544937617,0.06173777664441539,0.9980019960059882,-0.4250147577130797,2.3438230508096156,1.8231975204520983
118,-1.4131588231678769,0.9920317455237933,-0.6746080724773823,-1.7282629989757414,1.5881748845702586,-0.7891584945343187,-0.36560756420240964,0.31563629615925193,1.2456253779592577,0.2711693907027721,-1.391658694380619,1.2213887497425162,1.36522051002062,1.2722824167309879,0.9980019960059882,-0.4250147577130797,2.3438230508096156,-0.32300320992117804
119,1.451836256746723,0.9920317455237933,-0.20767048986628536,-0.4911384470961842,-0.16400393777115643,-0.7891584945343187,2.132849594356198,3.7526921527028305,1.2456253779592577,1.7135597667813476,0.8164471277227036,-0.5405684772374552,-0.43112226632230105,1.2722824167309879,-1.0020020040060118,-0.4250147577130797,2.3438230508096156,0.7500971552654602
120,-0.6969100531892269,0.9920317455237933,-1.4917488420468021,0.12742382884359435,0.8873033556336926,-0.7891584945343187,-1.1984266170552789,-0.8300489893552743,1.2456253779592577,0.2711693907027721,-0.8396322388547883,-1.2453513680294437,0.4670491218491595,0.06173777664441539,0.9980019960059882,-0.4250147577130797,-0.42665336858709313,-0.32300320992117804
121,-0.3387856681999019,-1.0080322575483704,-1.1415456550884793,0.7459861047833729,-0.5144397022394394,-0.7891584945343187,-0.36560756420240964,0.31563629615925193,-0.10391457649280908,0.2711693907027721,0.8164471277227036,0.868997304346522,-1.3292936544937617,0.06173777664441539,0.9980019960059882,-0.4250147577130797,2.3438230508096156,-1.3961035751078161
122,0.735587486768073,-1.0080322575483704,1.0764078623142312,-1.1097007230359628,-0.5144397022394394,3.6288036862036446,2.132849594356198,-0.8300489893552743,-0.10391457649280908,-1.1712209853758033,1.3684735832485342,0.5166058589505277,-1.3292936544937617,0.06173777664441539,0.9980019960059882,-0.4250147577130797,-0.42665336858709313,-0.32300320992117804
123,0.377463101778748,0.9920317455237933,-0.4411392811718339,-0.4911384470961842,0.8873033556336926,-0.7891584945343187,-0.36560756420240964,0.31563629615925193,1.2456253779592577,-1.1712209853758033,1.3684735832485342,0.5166058589505277,-1.3292936544937617,0.06173777664441539,0.9980019960059882,-0.4250147577130797,-0.42665336858709313,-1.3961035751078161
124,0.735587486768073,0.9920317455237933,0.7262046753559086,-0.4911384470961842,-1.2153112311760055,0.8675773232424175,0.8836210150768942,0.31563629615925193,-0.10391457649280908,1.7135597667813476,-0.8396322388547883,0.1642144135545334,-0.43112226632230105,0.06173777664441539,0.9980019960059882,-0.4250147577130797,-0.42665336858709313,-0.32300320992117804
125,-0.3387856681999019,0.9920317455237933,-0.7913424681301566,0.12742382884359435,0.18643182669712655,-0.7891584945343187,-0.36560756420240964,0.31563629615925193,-1.4534545309448759,-1.1712209853758033,-0.8396322388547883,-1.597742813425438,1.36522051002062,1.2722824167309879,-1.0020020040060118,-0.4250147577130797,-0.42665336858709313,-1.3961035751078161
126,0.735587486768073,0.9920317455237933,-1.1415456550884793,-1.7282629989757414,0.8873033556336926,2.5243131410191535,1.3000305415033289,-0.8300489893552743,-0.10391457649280908,0.2711693907027721,-1.391658694380619,0.1642144135545334,0.4670491218491595,1.2722824167309879,0.9980019960059882,2.352859475705742,-0.42665336858709313,0.7500971552654602
127,2.1680850267253726,-1.0080322575483704,-0.3244048855190596,0.12742382884359435,1.5881748845702586,2.5243131410191535,1.3000305415033289,-0.8300489893552743,-0.10391457649280908,0.2711693907027721,0.8164471277227036,0.5166058589505277,-1.3292936544937617,-1.148806863442157,-1.0020020040060118,-0.4250147577130797,-0.42665336858709313,-0.32300320992117804
128,0.735587486768073,0.9920317455237933,-0.4411392811718339,-1.1097007230359628,-1.5657469956442884,0.8675773232424175,0.4672114886504596,-0.25720634659801117,-1.4534545309448759,-1.1712209853758033,-0.8396322388547883,-1.597742813425438,-1.3292936544937617,0.06173777664441539,0.9980019960059882,-0.4250147577130797,-0.42665336858709313,-0.32300320992117804
129,-0.6969100531892269,0.9920317455237933,-0.20767048986628536,0.7459861047833729,1.5881748845702586,0.3153320506501721,-0.36560756420240964,-0.8300489893552743,1.2456253779592577,1.7135597667813476,-0.8396322388547883,-0.5405684772374552,-0.43112226632230105,1.2722824167309879,0.9980019960059882,-0.4250147577130797,-0.42665336858709313,-0.32300320992117804
130,1.8099606417360476,0.9920317455237933,0.4927358840503601,0.12742382884359435,1.2377391201019754,0.8675773232424175,0.05080196222402497,-0.8300489893552743,-0.10391457649280908,0.2711693907027721,-0.2876057833289577,-0.5405684772374552,-1.3292936544937617,1.2722824167309879,0.9980019960059882,-0.4250147577130797,2.3438230508096156,-1.3961035751078161
131,-1.055034438178552,0.9920317455237933,-0.09093609421351112,-1.7282629989757414,0.8873033556336926,-0.23691322194207332,-0.36560756420240964,-0.25720634659801117,-1.4534545309448759,0.2711693907027721,-0.2876057833289577,-0.8929599226334495,1.36522051002062,1.2722824167309879,0.9980019960059882,-0.4250147577130797,-0.42665336858709313,0.7500971552654602
132,-0.6969100531892269,0.9920317455237933,-1.2582800507412535,0.7459861047833729,-1.2153112311760055,0.8675773232424175,0.05080196222402497,-0.8300489893552743,1.2456253779592577,0.2711693907027721,-1.391658694380619,-1.597742813425438,-0.43112226632230105,0.06173777664441539,0.9980019960059882,-0.4250147577130797,-0.42665336858709313,1.8231975204520983
133,1.093711871757398,0.9920317455237933,-1.1415456550884793,-1.1097007230359628,0.5368675911654095,2.5243131410191535,1.7164400679297633,-0.25720634659801117,-0.10391457649280908,0.2711693907027721,-0.8396322388547883,-0.18817703184146087,-0.43112226632230105,-1.148806863442157,-1.0020020040060118,-0.4250147577130797,-0.42665336858709313,-0.32300320992117804
134,-1.7712832081572016,-1.0080322575483704,0.025798301439263118,-1.7282629989757414,0.18643182669712655,-0.7891584945343187,-0.7820170906288442,-0.25720634659801117,-0.10391457649280908,-1.1712209853758033,-1.391658694380619,-1.2453513680294437,1.36522051002062,1.2722824167309879,-1.0020020040060118,-0.4250147577130797,-0.42665336858709313,0.7500971552654602
135,-1.055034438178552,0.9920317455237933,0.8429390710086828,-1.1097007230359628,-0.8648754667077224,-0.7891584945343187,-1.1984266170552789,-0.8300489893552743,1.2456253779592577,0.2711693907027721,-1.391658694380619,0.1642144135545334,0.4670491218491595,-1.148806863442157,-1.0020020040060118,-0.4250147577130797,-0.42665336858709313,-0.32300320992117804
136,1.451836256746723,-1.0080322575483704,-1.024811259435705,0.7459861047833729,-0.5144397022394394,0.3153320506501721,0.4672114886504596,0.31563629615925193,-0.10391457649280908,1.7135597667813476,0.26442067219687293,0.5166058589505277,-0.43112226632230105,0.06173777664441539,-1.0020020040060118,2.352859475705742,-0.42665336858709313,0.7500971552654602
137,-1.4131588231678769,0.9920317455237933,0.959673466661457,-0.4911384470961842,1.2377391201019754,-0.23691322194207332,-0.7820170906288442,-0.8300489893552743,-0.10391457649280908,0.2711693907027721,-0.8396322388547883,0.5166058589505277,0.4670491218491595,1.2722824167309879,0.9980019960059882,-0.4250147577130797,-0.42665336858709313,0.7500971552654602
138,0.01933871678942301,-1.0080322575483704,-1.6084832376995764,1.3645483807231515,-1.5657469956442884,1.4198225958346629,1.3000305415033289,0.31563629615925193,-0.10391457649280908,1.7135597667813476,-0.8396322388547883,-0.18817703184146087,-1.3292936544937617,0.06173777664441539,-1.0020020040060118,-0.4250147577130797,-0.42665336858709313,0.7500971552654602
139,-1.4131588231678769,-1.0080322575483704,-1.6084832376995764,0.7459861047833729,-0.5144397022394394,-0.7891584945343187,-1.1984266170552789,-0.8300489893552743,-0.10391457649280908,1.7135597667813476,0.26442067219687293,-1.597742813425438,-1.3292936544937617,-1.148806863442157,0.9980019960059882,-0.4250147577130797,2.3438230508096156,0.7500971552654602
140,-1.4131588231678769,0.9920317455237933,-1.7252176333523506,-1.7282629989757414,1.5881748845702586,0.3153320506501721,-0.36560756420240964,-0.8300489893552743,-1.4534545309448759,0.2711693907027721,0.8164471277227036,0.5166058589505277,1.36522051002062,-1.148806863442157,-1.0020020040060118,-0.4250147577130797,2.3438230508096156,-0.32300320992117804
141,-0.6969100531892269,-1.0080322575483704,0.8429390710086828,1.3645483807231515,-0.16400393777115643,-0.23691322194207332,0.05080196222402497,0.31563629615925193,-0.10391457649280908,-1.1712209853758033,0.8164471277227036,0.5166058589505277,1.36522051002062,0.06173777664441539,0.9980019960059882,-0.4250147577130797,-0.42665336858709313,-0.32300320992117804
142,-1.7712832081572016,-1.0080322575483704,-0.6746080724773823,-1.1097007230359628,-1.5657469956442884,-0.7891584945343187,-1.1984266170552789,-0.8300489893552743,-1.4534545309448759,0.2711693907027721,0.26442067219687293,-0.5405684772374552,1.36522051002062,-1.148806863442157,0.9980019960059882,-0.4250147577130797,-0.42665336858709313,0.7500971552654602
143,0.01933871678942301,-1.0080322575483704,0.4927358840503601,0.12742382884359435,1.5881748845702586,0.3153320506501721,-0.36560756420240964,-0.8300489893552743,1.2456253779592577,1.7135597667813476,-0.8396322388547883,-0.5405684772374552,-0.43112226632230105,1.2722824167309879,0.9980019960059882,2.352859475705742,-0.42665336858709313,-0.32300320992117804
144,1.451836256746723,-1.0080322575483704,1.6600798405781025,1.3645483807231515,-0.5144397022394394,-0.23691322194207332,0.8836210150768942,1.4613215816737781,-0.10391457649280908,1.7135597667813476,0.26442067219687293,1.5737801951385104,-0.43112226632230105,0.06173777664441539,-1.0020020040060118,-0.4250147577130797,2.3438230508096156,-1.3961035751078161
145,-1.4131588231678769,-1.0080322575483704,-0.5578736768246081,-1.1097007230359628,-0.5144397022394394,-0.23691322194207332,-0.7820170906288442,-0.8300489893552743,-0.10391457649280908,-1.1712209853758033,-1.391658694380619,0.1642144135545334,-0.43112226632230105,0.06173777664441539,-1.0020020040060118,-0.4250147577130797,2.3438230508096156,-0.32300320992117804
146,0.01933871678942301,0.9920317455237933,0.4927358840503601,0.12742382884359435,-0.8648754667077224,-0.23691322194207332,1.3000305415033289,2.0341642244310414,1.2456253779592577,-1.1712209853758033,0.26442067219687293,-0.18817703184146087,1.36522051002062,0.06173777664441539,-1.0020020040060118,-0.4250147577130797,-0.42665336858709313,-0.32300320992117804
147,0.377463101778748,0.9920317455237933,-1.6084832376995764,0.7459861047833729,0.5368675911654095,0.3153320506501721,-0.36560756420240964,-0.8300489893552743,-1.4534545309448759,-1.1712209853758033,-0.8396322388547883,1.2213887497425162,-1.3292936544937617,0.06173777664441539,0.9980019960059882,-0.4250147577130797,2.3438230508096156,-0.32300320992117804
148,-1.4131588231678769,-1.0080322575483704,-1.1415456550884793,1.3645483807231515,1.5881748845702586,-0.7891584945343187,-1.1984266170552789,-0.8300489893552743,1.2456253779592577,0.2711693907027721,-0.8396322388547883,0.5166058589505277,-0.43112226632230105,1.2722824167309879,-1.0020020040060118,2.352859475705742,-0.42665336858709313,-0.32300320992117804
149,-1.7712832081572016,0.9920317455237933,-1.4917488420468021,0.12742382884359435,0.5368675911654095,-0.7891584945343187,-0.7820170906288442,-0.25720634659801117,-0.10391457649280908,0.2711693907027721,-0.2876057833289577,-0.8929599226334495,1.36522051002062,1.2722824167309879,-1.0020020040060118,2.352859475705742,-0.42665336858709313,1.8231975204520983
150,-0.6969100531892269,0.9920317455237933,-1.7252176333523506,1.3645483807231515,-1.2153112311760055,-0.23691322194207332,-0.36560756420240964,-0.25720634659801117,1.2456253779592577,0.2711693907027721,1.3684735832485342,-0.8929599226334495,-1.3292936544937617,1.2722824167309879,0.9980019960059882,-0.4250147577130797,-0.42665336858709313,-1.3961035751078161
151,-1.4131588231678769,-1.0080322575483704,-1.6084832376995764,0.12742382884359435,-1.2153112311760055,-0.7891584945343187,-1.1984266170552789,-0.8300489893552743,1.2456253779592577,0.2711693907027721,-0.8396322388547883,-0.8929599226334495,1.36522051002062,-1.148806863442157,0.9980019960059882,-0.4250147577130797,-0.42665336858709313,0.7500971552654602
152,-0.3387856681999019,0.9920317455237933,0.37600148839758585,1.3645483807231515,-0.5144397022394394,0.8675773232424175,0.4672114886504596,-0.25720634659801117,-0.10391457649280908,0.2711693907027721,-0.8396322388547883,0.5166058589505277,1.36522051002062,1.2722824167309879,0.9980019960059882,2.352859475705742,2.3438230508096156,-0.32300320992117804
153,-0.3387856681999019,0.9920317455237933,-1.024811259435705,-0.4911384470961842,-1.2153112311760055,-0.7891584945343187,-0.36560756420240964,0.31563629615925193,1.2456253779592577,-1.1712209853758033,-0.2876057833289577,0.1642144135545334,1.36522051002062,-1.148806863442157,0.9980019960059882,-0.4250147577130797,-0.42665336858709313,-1.3961035751078161
154,-1.4131588231678769,-1.0080322575483704,1.0764078623142312,-1.1097007230359628,0.18643182669712655,-0.23691322194207332,-0.7820170906288442,-0.8300489893552743,-1.4534545309448759,-1.1712209853758033,-0.2876057833289577,-0.8929599226334495,1.36522051002062,-1.148806863442157,-1.0020020040060118,-0.4250147577130797,-0.42665336858709313,-0.32300320992117804
155,-0.3387856681999019,0.9920317455237933,1.0764078623142312,0.7459861047833729,-1.5657469956442884,0.8675773232424175,0.05080196222402497,-0.8300489893552743,-0.10391457649280908,0.2711693907027721,0.8164471277227036,0.5166058589505277,-0.43112226632230105,-1.148806863442157,-1.0020020040060118,2.352859475705742,-0.42665336858709313,0.7500971552654602
156,2.1680850267253726,0.9920317455237933,1.5433454449253283,-1.7282629989757414,-0.5144397022394394,-0.7891584945343187,0.4672114886504596,1.4613215816737781,1.2456253779592577,-1.1712209853758033,-0.8396322388547883,-0.18817703184146087,-0.43112226632230105,-1.148806863442157,-1.0020020040060118,-0.4250147577130797,-0.42665336858709313,-1.3961035751078161
157,-1.055034438178552,0.9920317455237933,-1.2582800507412535,-1.1097007230359628,-0.5144397022394394,-0.7891584945343187,-0.36560756420240964,0.31563629615925193,-1.4534545309448759,-1.1712209853758033,0.26442067219687293,-1.597742813425438,1.36522051002062,1.2722824167309879,0.9980019960059882,-0.4250147577130797,-0.42665336858709313,-1.3961035751078161
158,0.01933871678942301,-1.0080322575483704,-1.7252176333523506,0.7459861047833729,1.2377391201019754,1.4198225958346629,1.3000305415033289,0.31563629615925193,1.2456253779592577,1.7135597667813476,-1.391658694380619,1.2213887497425162,0.4670491218491595,1.2722824167309879,0.9980019960059882,-0.4250147577130797,-0.42665336858709313,-0.32300320992117804
159,-0.3387856681999019,-1.0080322575483704,-1.024811259435705,0.12742382884359435,-1.2153112311760055,-0.7891584945343187,-0.36560756420240964,0.31563629615925193,-1.4534545309448759,0.2711693907027721,1.3684735832485342,0.1642144135545334,-0.43112226632230105,-1.148806863442157,-1.0020020040060118,-0.4250147577130797,-0.42665336858709313,0.7500971552654602
160,0.01933871678942301,0.9920317455237933,0.6094702797031344,-1.7282629989757414,0.18643182669712655,0.8675773232424175,1.3000305415033289,0.888478938916515,-0.10391457649280908,1.7135597667813476,-0.8396322388547883,-1.597742813425438,-0.43112226632230105,1.2722824167309879,-1.0020020040060118,-0.4250147577130797,-0.42665336858709313,0.7500971552654602
161,0.01933871678942301,-1.0080322575483704,-1.024811259435705,0.7459861047833729,-1.5657469956442884,-0.23691322194207332,0.4672114886504596,0.888478938916515,1.2456253779592577,0.2711693907027721,1.3684735832485342,0.1642144135545334,-0.43112226632230105,-1.148806863442157,0.9980019960059882,-0.4250147577130797,-0.42665336858709313,-0.32300320992117804
162,0.377463101778748,0.9920317455237933,-0.7913424681301566,1.3645483807231515,0.8873033556336926,-0.7891584945343187,0.8836210150768942,2.0341642244310414,-0.10391457649280908,1.7135597667813476,0.26442067219687293,0.5166058589505277,-1.3292936544937617,0.06173777664441539,0.9980019960059882,-0.4250147577130797,-0.42665336858709313,0.7500971552654602
163,0.377463101778748,-1.0080322575483704,-0.7913424681301566,0.12742382884359435,1.2377391201019754,-0.23691322194207332,0.4672114886504596,0.888478938916515,1.2456253779592577,-1.1712209853758033,-0.2876057833289577,0.1642144135545334,0.4670491218491595,1.2722824167309879,-1.0020020040060118,2.352859475705742,-0.42665336858709313,-0.32300320992117804
164,-1.055034438178552,-1.0080322575483704,1.426611049272554,1.3645483807231515,1.5881748845702586,-0.7891584945343187,-0.7820170906288442,-0.25720634659801117,-1.4534545309448759,0.2711693907027721,-0.2876057833289577,-1.2453513680294437,0.4670491218491595,-1.148806863442157,-1.0020020040060118,-0.4250147577130797,-0.42665336858709313,-0.32300320992117804
165,1.093711871757398,-1.0080322575483704,-1.4917488420468021,-1.1097007230359628,1.2377391201019754,-0.23691322194207332,-0.36560756420240964,-0.25720634659801117,-0.10391457649280908,0.2711693907027721,-1.391658694380619,0.5166058589505277,0.4670491218491595,1.2722824167309879,-1.0020020040060118,-0.4250147577130797,2.3438230508096156,-0.32300320992117804
166,0.377463101778748,-1.0080322575483704,-0.4411392811718339,0.7459861047833729,-1.2153112311760055,-0.23691322194207332,1.3000305415033289,2.0341642244310414,-0.10391457649280908,0.2711693907027721,-0.8396322388547883,0.5166058589505277,-1.3292936544937617,1.2722824167309879,-1.0020020040060118,-0.4250147577130797,-0.42665336858709313,-1.3961035751078161
167,1.093711871757398,0.9920317455237933,-0.9080768637829308,-1.1097007230359628,-1.5657469956442884,1.4198225958346629,2.132849594356198,1.4613215816737781,-0.10391457649280908,-1.1712209853758033,0.8164471277227036,0.868997304346522,0.4670491218491595,-1.148806863442157,-1.0020020040060118,2.352859475705742,-0.42665336858709313,-0.32300320992117804
168,0.01933871678942301,0.9920317455237933,-1.6084832376995764,0.7459861047833729,0.18643182669712655,-0.23691322194207332,-0.7820170906288442,-0.8300489893552743,-1.4534545309448759,0.2711693907027721,0.8164471277227036,0.868997304346522,0.4670491218491595,0.06173777664441539,0.9980019960059882,-0.4250147577130797,2.3438230508096156,-0.32300320992117804
169,-0.6969100531892269,-1.0080322575483704,-0.20767048986628536,1.3645483807231515,1.5881748845702586,-0.7891584945343187,0.4672114886504596,1.4613215816737781,1.2456253779592577,0.2711693907027721,0.8164471277227036,-1.2453513680294437,0.4670491218491595,1.2722824167309879,0.9980019960059882,2.352859475705742,-0.42665336858709313,-0.32300320992117804
170,0.377463101778748,-1.0080322575483704,1.5433454449253283,-1.1097007230359628,0.8873033556336926,-0.7891584945343187,-0.36560756420240964,0.31563629615925193,-1.4534545309448759,0.2711693907027721,-0.8396322388547883,-1.597742813425438,-0.43112226632230105,-1.148806863442157,0.9980019960059882,2.352859475705742,-0.42665336858709313,1.8231975204520983
171,0.01933871678942301,-1.0080322575483704,0.37600148839758585,1.3645483807231515,-1.5657469956442884,-0.7891584945343187,-1.1984266170552789,-0.8300489893552743,-0.10391457649280908,0.2711693907027721,1.3684735832485342,-0.8929599226334495,0.4670491218491595,-1.148806863442157,0.9980019960059882,-0.4250147577130797,-0.42665336858709313,-1.3961035751078161
172,2.1680850267253726,0.9920317455237933,-1.6084832376995764,-1.7282629989757414,-0.5144397022394394,-0.23691322194207332,-0.7820170906288442,-0.8300489893552743,-1.4534545309448759,1.7135597667813476,-0.8396322388547883,-0.8929599226334495,0.4670491218491595,1.2722824167309879,-1.0020020040060118,2.352859475705742,-0.42665336858709313,-1.3961035751078161
173,0.735587486768073,0.9920317455237933,-0.6746080724773823,-0.4911384470961842,-0.5144397022394394,1.4198225958346629,1.7164400679297633,0.888478938916515,-1.4534545309448759,-1.1712209853758033,-0.2876057833289577,-0.8929599226334495,-1.3292936544937617,0.06173777664441539,-1.0020020040060118,-0.4250147577130797,-0.42665336858709313,0.7500971552654602
174,-0.6969100531892269,-1.0080322575483704,-1.1415456550884793,-1.7282629989757414,-1.2153112311760055,-0.7891584945343187,-1.1984266170552789,-0.8300489893552743,-0.10391457649280908,1.7135597667813476,0.26442067219687293,-0.18817703184146087,-1.3292936544937617,-1.148806863442157,-1.0020020040060118,-0.4250147577130797,-0.42665336858709313,-0.32300320992117804
175,0.377463101778748,0.9920317455237933,0.7262046753559086,0.7459861047833729,-0.8648754667077224,-0.7891584945343187,-1.1984266170552789,-0.8300489893552743,1.2456253779592577,0.2711693907027721,1.3684735832485342,-1.2453513680294437,0.4670491218491595,1.2722824167309879,0.9980019960059882,-0.4250147577130797,-0.42665336858709313,1.8231975204520983
176,-0.3387856681999019,0.9920317455237933,0.4927358840503601,-0.4911384470961842,1.5881748845702586,-0.23691322194207332,-0.7820170906288442,-0.8300489893552743,-0.10391457649280908,0.2711693907027721,1.3684735832485342,0.868997304346522,1.36522051002062,-1.148806863442157,-1.0020020040060118,-0.4250147577130797,-0.42665336858709313,-0.32300320992117804
177,1.8099606417360476,0.9920317455237933,0.7262046753559086,0.12742382884359435,-1.5657469956442884,0.3153320506501721,1.7164400679297633,2.0341642244310414,-0.10391457649280908,0.2711693907027721,0.8164471277227036,-0.8929599226334495,-1.3292936544937617,1.2722824167309879,0.9980019960059882,-0.4250147577130797,-0.42665336858709313,-0.32300320992117804
178,-1.7712832081572016,0.9920317455237933,1.0764078623142312,0.7459861047833729,1.2377391201019754,-0.23691322194207332,-0.7820170906288442,-0.8300489893552743,1.2456253779592577,-1.1712209853758033,0.8164471277227036,-0.8929599226334495,-1.3292936544937617,0.06173777664441539,-1.0020020040060118,-0.4250147577130797,-0.42665336858709313,1.8231975204520983
179,-0.6969100531892269,-1.0080322575483704,-0.5578736768246081,-1.7282629989757414,-1.5657469956442884,-0.23691322194207332,-0.36560756420240964,-0.25720634659801117,-1.4534545309448759,0.2711693907027721,-0.2876057833289577,0.1642144135545334,-0.43112226632230105,0.06173777664441539,0.9980019960059882,-0.4250147577130797,-0.42665336858709313,0.7500971552654602
180,-1.4131588231678769,0.9920317455237933,0.025798301439263118,-1.1097007230359628,-1.5657469956442884,-0.23691322194207332,-0.36560756420240964,-0.25720634659801117,-0.10391457649280908,0.2711693907027721,-0.8396322388547883,-1.2453513680294437,1.36522051002062,-1.148806863442157,0.9980019960059882,-0.4250147577130797,-0.42665336858709313,-0.32300320992117804
181,-1.7712832081572016,0.9920317455237933,-1.2582800507412535,-1.7282629989757414,1.2377391201019754,-0.7891584945343187,-1.1984266170552789,-0.8300489893552743,-1.4534545309448759,0.2711693907027721,-0.8396322388547883,0.868997304346522,-1.3292936544937617,0.06173777664441539,-1.0020020040060118,2.352859475705742,-0.42665336858709313,1.8231975204520983
182,0.377463101778748,0.9920317455237933,0.959673466661457,1.3645483807231515,-0.5144397022394394,-0.7891584945343187,-0.36560756420240964,0.31563629615925193,-0.10391457649280908,0.2711693907027721,0.8164471277227036,1.2213887497425162,1.36522051002062,0.06173777664441539,-1.0020020040060118,-0.4250147577130797,-0.42665336858709313,-1.3961035751078161
183,-1.7712832081572016,0.9920317455237933,0.4927358840503601,-1.1097007230359628,0.8873033556336926,-0.7891584945343187,-1.1984266170552789,-0.8300489893552743,-0.10391457649280908,1.7135597667813476,-0.8396322388547883,1.5737801951385104,-0.43112226632230105,-1.148806863442157,-1.0020020040060118,-0.4250147577130797,-0.42665336858709313,-1.3961035751078161
184,1.451836256746723,-1.0080322575483704,1.426611049272554,-0.4911384470961842,-0.16400393777115643,-0.7891584945343187,-0.7820170906288442,-0.25720634659801117,1.2456253779592577,-1.1712209853758033,-0.2876057833289577,0.1642144135545334,-1.3292936544937617,0.06173777664441539,0.9980019960059882,-0.4250147577130797,-0.42665336858709313,-1.3961035751078161
185,0.01933871678942301,0.9920317455237933,0.14253269709203736,-1.1097007230359628,-0.16400393777115643,-0.7891584945343187,-1.1984266170552789,-0.8300489893552743,-0.10391457649280908,0.2711693907027721,1.3684735832485342,-0.8929599226334495,1.36522051002062,1.2722824167309879,-1.0020020040060118,2.352859475705742,-0.42665336858709313,-0.32300320992117804
186,0.377463101778748,-1.0080322575483704,-1.024811259435705,-0.4911384470961842,0.18643182669712655,-0.7891584945343187,-1.1984266170552789,-0.8300489893552743,-0.10391457649280908,-1.1712209853758033,-1.391658694380619,0.1642144135545334,-0.43112226632230105,0.06173777664441539,0.9980019960059882,-0.4250147577130797,-0.42665336858709313,-0.32300320992117804
187,1.451836256746723,-1.0080322575483704,-1.024811259435705,-0.4911384470961842,-0.8648754667077224,0.3153320506501721,1.3000305415033289,1.4613215816737781,1.2456253779592577,0.2711693907027721,-0.8396322388547883,-0.18817703184146087,-1.3292936544937617,-1.148806863442157,-1.0020020040060118,-0.4250147577130797,-0.42665336858709313,-1.3961035751078161
188,-1.7712832081572016,0.9920317455237933,-0.09093609421351112,0.7459861047833729,-1.5657469956442884,-0.7891584945343187,-1.1984266170552789,-0.8300489893552743,-0.10391457649280908,0.2711693907027721,-0.8396322388547883,-0.8929599226334495,0.4670491218491595,-1.148806863442157,-1.0020020040060118,-0.4250147577130797,-0.42665336858709313,0.7500971552654602
189,1.451836256746723,0.9920317455237933,1.5433454449253283,0.7459861047833729,-0.5144397022394394,0.3153320506501721,-0.36560756420240964,-0.8300489893552743,-0.10391457649280908,-1.1712209853758033,-0.8396322388547883,0.1642144135545334,-1.3292936544937617,1.2722824167309879,-1.0020020040060118,-0.4250147577130797,2.3438230508096156,1.8231975204520983
190,1.093711871757398,0.9920317455237933,0.8429390710086828,0.12742382884359435,1.5881748845702586,2.5243131410191535,1.7164400679297633,-0.25720634659801117,-0.10391457649280908,0.2711693907027721,0.8164471277227036,1.2213887497425162,-0.43112226632230105,-1.148806863442157,0.9980019960059882,-0.4250147577130797,-0.42665336858709313,0.7500971552654602
191,1.451836256746723,-1.0080322575483704,-0.09093609421351112,0.12742382884359435,-1.2153112311760055,-0.23691322194207332,-0.36560756420240964,-0.25720634659801117,-1.4534545309448759,-1.1712209853758033,0.26442067219687293,1.2213887497425162,1.36522051002062,0.06173777664441539,-1.0020020040060118,-0.4250147577130797,-0.42665336858709313,-0.32300320992117804
192,-1.4131588231678769,0.9920317455237933,-0.7913424681301566,-1.1097007230359628,1.2377391201019754,0.3153320506501721,-0.36560756420240964,-0.8300489893552743,-0.10391457649280908,-1.1712209853758033,-0.8396322388547883,0.1642144135545334,1.36522051002062,-1.148806863442157,0.9980019960059882,-0.4250147577130797,-0.42665336858709313,0.7500971552654602
193,0.377463101778748,0.9920317455237933,-1.6084832376995764,-0.4911384470961842,-0.8648754667077224,0.8675773232424175,1.3000305415033289,0.888478938916515,-1.4534545309448759,-1.1712209853758033,0.26442067219687293,0.1642144135545334,0.4670491218491595,-1.148806863442157,0.9980019960059882,-0.4250147577130797,-0.42665336858709313,-1.3961035751078161
194,0.01933871678942301,0.9920317455237933,1.30987665361978,-1.1097007230359628,1.2377391201019754,-0.7891584945343187,1.3000305415033289,2.6070068671883044,-1.4534545309448759,1.7135597667813476,-1.391658694380619,1.5737801951385104,-0.43112226632230105,1.2722824167309879,-1.0020020040060118,2.352859475705742,-0.42665336858709313,-0.32300320992117804
195,0.01933871678942301,-1.0080322575483704,-0.9080768637829308,0.12742382884359435,-1.5657469956442884,-0.7891584945343187,-0.7820170906288442,-0.25720634659801117,-0.10391457649280908,1.7135597667813476,-0.8396322388547883,-0.8929599226334495,-1.3292936544937617,1.2722824167309879,-1.0020020040060118,2.352859475705742,-0.42665336858709313,-0.32300320992117804
196,-0.3387856681999019,-1.0080322575483704,0.4927358840503601,1.3645483807231515,1.5881748845702586,-0.23691322194207332,0.05080196222402497,0.31563629615925193,-0.10391457649280908,0.2711693907027721,-0.2876057833289577,0.5166058589505277,0.4670491218491595,-1.148806863442157,0.9980019960059882,-0.4250147577130797,-0.42665336858709313,1.8231975204520983
197,-1.055034438178552,-1.0080322575483704,-0.09093609421351112,-1.7282629989757414,0.8873033556336926,-0.7891584945343187,-0.7820170906288442,-0.25720634659801117,-0.10391457649280908,-1.1712209853758033,0.26442067219687293,0.1642144135545334,-1.3292936544937617,1.2722824167309879,0.9980019960059882,-0.4250147577130797,-0.42665336858709313,0.7500971552654602
198,-0.3387856681999019,0.9920317455237933,0.6094702797031344,0.12742382884359435,0.5368675911654095,1.4198225958346629,0.8836210150768942,-0.25720634659801117,1.2456253779592577,0.2711693907027721,-0.8396322388547883,1.5737801951385104,-0.43112226632230105,-1.148806863442157,0.9980019960059882,-0.4250147577130797,-0.42665336858709313,0.7500971552654602
199,-1.7712832081572016,0.9920317455237933,-0.9080768637829308,0.12742382884359435,-0.8648754667077224,-0.23691322194207332,-0.7820170906288442,-0.8300489893552743,-1.4534545309448759,0.2711693907027721,0.8164471277227036,-1.597742813425438,1.36522051002062,1.2722824167309879,0.9980019960059882,2.352859475705742,-0.42665336858709313,0.7500971552654602
200,-1.055034438178552,0.9920317455237933,0.6094702797031344,0.7459861047833729,1.5881748845702586,-0.7891584945343187,0.05080196222402497,0.888478938916515,-0.10391457649280908,0.2711693907027721,-1.391658694380619,-0.5405684772374552,0.4670491218491595,-1.148806863442157,-1.0020020040060118,-0.4250147577130797,-0.42665336858709313,-0.32300320992117804
201,0.735587486768073,-1.0080322575483704,-0.20767048986628536,-1.7282629989757414,1.5881748845702586,0.8675773232424175,1.7164400679297633,1.4613215816737781,-1.4534545309448759,0.2711693907027721,-1.391658694380619,0.1642144135545334,-0.43112226632230105,1.2722824167309879,-1.0020020040060118,-0.4250147577130797,-0.42665336858709313,0.7500971552654602
202,0.01933871678942301,0.9920317455237933,-1.4917488420468021,-1.1097007230359628,1.2377391201019754,0.3153320506501721,0.4672114886504596,0.31563629615925193,1.2456253779592577,0.2711693907027721,1.3684735832485342,-1.2453513680294437,0.4670491218491595,1.2722824167309879,-1.0020020040060118,2.352859475705742,-0.42665336858709313,-0.32300320992117804
203,-1.7712832081572016,0.9920317455237933,-0.7913424681301566,-1.1097007230359628,0.8873033556336926,-0.7891584945343187,-1.1984266170552789,-0.8300489893552743,-0.10391457649280908,0.2711693907027721,1.3684735832485342,-0.5405684772374552,-1.3292936544937617,0.06173777664441539,0.9980019960059882,-0.4250147577130797,-0.42665336858709313,0.7500971552654602
204,-0.3387856681999019,0.9920317455237933,0.25926709274481163,1.3645483807231515,-1.2153112311760055,-0.7891584945343187,-0.7820170906288442,-0.25720634659801117,-0.10391457649280908,-1.1712209853758033,-0.8396322388547883,0.5166058589505277,0.4670491218491595,0.06173777664441539,0.9980019960059882,-0.4250147577130797,-0.42665336858709313,-0.32300320992117804
205,0.01933871678942301,0.9920317455237933,-1.6084832376995764,0.7459861047833729,-1.5657469956442884,1.4198225958346629,1.3000305415033289,0.31563629615925193,-0.10391457649280908,0.2711693907027721,1.3684735832485342,-0.5405684772374552,0.4670491218491595,-1.148806863442157,0.9980019960059882,-0.4250147577130797,-0.42665336858709313,-0.32300320992117804
206,0.377463101778748,-1.0080322575483704,-1.024811259435705,0.7459861047833729,0.8873033556336926,-0.23691322194207332,-0.36560756420240964,-0.25720634659801117,-0.10391457649280908,0.2711693907027721,1.3684735832485342,-0.8929599226334495,0.4670491218491595,0.06173777664441539,0.9980019960059882,-0.4250147577130797,-0.42665336858709313,-0.32300320992117804
207,1.8099606417360476,0.9920317455237933,1.6600798405781025,-0.4911384470961842,-0.8648754667077224,-0.23691322194207332,2.132849594356198,3.1798495099455675,1.2456253779592577,0.2711693907027721,-1.391658694380619,-0.8929599226334495,0.4670491218491595,0.06173777664441539,-1.0020020040060118,-0.4250147577130797,-0.42665336858709313,-1.3961035751078161
208,0.735587486768073,-1.0080322575483704,-0.5578736768246081,-0.4911384470961842,-1.2153112311760055,-0.23691322194207332,-0.36560756420240964,-0.25720634659801117,-0.10391457649280908,1.7135597667813476,-0.2876057833289577,-1.2453513680294437,1.36522051002062,1.2722824167309879,-1.0020020040060118,2.352859475705742,-0.42665336858709313,-0.32300320992117804
209,0.01933871678942301,0.9920317455237933,-1.375014446394028,-0.4911384470961842,-1.2153112311760055,-0.23691322194207332,0.05080196222402497,0.31563629615925193,1.2456253779592577,-1.1712209853758033,-0.8396322388547883,-0.5405684772374552,1.36522051002062,-1.148806863442157,0.9980019960059882,2.352859475705742,-0.42665336858709313,0.7500971552654602
210,-1.7712832081572016,0.9920317455237933,1.6600798405781025,0.12742382884359435,1.2377391201019754,-0.23691322194207332,-0.7820170906288442,-0.8300489893552743,-0.10391457649280908,0.2711693907027721,1.3684735832485342,-0.8929599226334495,1.36522051002062,-1.148806863442157,0.9980019960059882,-0.4250147577130797,-0.42665336858709313,-0.32300320992117804
211,0.735587486768073,-1.0080322575483704,1.5433454449253283,-0.4911384470961842,0.18643182669712655,0.8675773232424175,0.05080196222402497,-0.8300489893552743,1.2456253779592577,0.2711693907027721,-1.391658694380619,-1.2453513680294437,0.4670491218491595,0.06173777664441539,0.9980019960059882,-0.4250147577130797,-0.42665336858709313,0.7500971552654602
212,0.01933871678942301,0.9920317455237933,0.959673466661457,1.3645483807231515,-0.16400393777115643,-0.7891584945343187,-0.7820170906288442,-0.25720634659801117,1.2456253779592577,1.7135597667813476,0.8164471277227036,0.5166058589505277,1.36522051002062,1.2722824167309879,-1.0020020040060118,-0.4250147577130797,-0.42665336858709313,-0.32300320992117804
213,-0.3387856681999019,0.9920317455237933,-0.3244048855190596,0.12742382884359435,1.5881748845702586,0.3153320506501721,0.8836210150768942,0.888478938916515,1.2456253779592577,0.2711693907027721,0.8164471277227036,-1.2453513680294437,1.36522051002062,1.2722824167309879,0.9980019960059882,-0.4250147577130797,-0.42665336858709313,0.7500971552654602
214,0.377463101778748,0.9920317455237933,1.5433454449253283,-0.4911384470961842,0.18643182669712655,0.8675773232424175,1.7164400679297633,1.4613215816737781,1.2456253779592577,0.2711693907027721,0.8164471277227036,-0.5405684772374552,-1.3292936544937617,0.06173777664441539,-1.0020020040060118,2.352859475705742,-0.42665336858709313,0.7500971552654602
215,-1.055034438178552,-1.0080322575483704,0.4927358840503601,-0.4911384470961842,-0.16400393777115643,0.3153320506501721,0.05080196222402497,-0.25720634659801117,-0.10391457649280908,1.7135597667813476,0.8164471277227036,-0.8929599226334495,0.4670491218491595,-1.148806863442157,0.9980019960059882,-0.4250147577130797,-0.42665336858709313,1.8231975204520983
216,-0.6969100531892269,-1.0080322575483704,0.959673466661457,-1.1097007230359628,-0.5144397022394394,-0.7891584945343187,-0.7820170906288442,-0.25720634659801117,-0.10391457649280908,-1.1712209853758033,0.8164471277227036,-1.597742813425438,-1.3292936544937617,1.2722824167309879,-1.0020020040060118,-0.4250147577130797,-0.42665336858709313,-0.32300320992117804
217,0.377463101778748,0.9920317455237933,1.1931422579670057,-1.7282629989757414,0.5368675911654095,-0.7891584945343187,-0.36560756420240964,0.31563629615925193,-0.10391457649280908,-1.1712209853758033,-1.391658694380619,1.2213887497425162,-0.43112226632230105,0.06173777664441539,-1.0020020040060118,-0.4250147577130797,-0.42665336858709313,-0.32300320992117804
218,0.01933871678942301,-1.0080322575483704,-1.7252176333523506,0.7459861047833729,-1.2153112311760055,0.8675773232424175,1.3000305415033289,0.888478938916515,-0.10391457649280908,0.2711693907027721,-0.8396322388547883,-1.597742813425438,-1.3292936544937617,-1.148806863442157,-1.0020020040060118,-0.4250147577130797,-0.42665336858709313,-0.32300320992117804
219,-1.7712832081572016,-1.0080322575483704,1.30987665361978,0.12742382884359435,-0.8648754667077224,-0.7891584945343187,-1.1984266170552789,-0.8300489893552743,1.2456253779592577,1.7135597667813476,-1.391658694380619,1.5737801951385104,1.36522051002062,-1.148806863442157,-1.0020020040060118,-0.4250147577130797,-0.42665336858709313,-0.32300320992117804
220,-0.3387856681999019,0.9920317455237933,-0.6746080724773823,-1.1097007230359628,-1.2153112311760055,0.8675773232424175,0.05080196222402497,-0.8300489893552743,-0.10391457649280908,1.7135597667813476,-0.8396322388547883,0.1642144135545334,1.36522051002062,0.06173777664441539,-1.0020020040060118,-0.4250147577130797,-0.42665336858709313,-0.32300320992117804
221,1.8099606417360476,0.9920317455237933,1.0764078623142312,0.7459861047833729,-0.5144397022394394,-0.23691322194207332,2.132849594356198,3.1798495099455675,-0.10391457649280908,0.2711693907027721,1.3684735832485342,-1.2453513680294437,0.4670491218491595,0.06173777664441539,0.9980019960059882,-0.4250147577130797,-0.42665336858709313,-0.32300320992117804
222,0.01933871678942301,0.9920317455237933,1.6600798405781025,0.12742382884359435,-0.8648754667077224,0.8675773232424175,0.05080196222402497,-0.8300489893552743,1.2456253779592577,0.2711693907027721,0.26442067219687293,-0.8929599226334495,-1.3292936544937617,1.2722824167309879,0.9980019960059882,-0.4250147577130797,-0.42665336858709313,-0.32300320992117804
223,-1.055034438178552,0.9920317455237933,0.37600148839758585,0.7459861047833729,-0.5144397022394394,-0.7891584945343187,0.05080196222402497,0.888478938916515,-1.4534545309448759,1.7135597667813476,0.26442067219687293,0.1642144135545334,0.4670491218491595,-1.148806863442157,-1.0020020040060118,-0.4250147577130797,2.3438230508096156,0.7500971552654602
224,-1.055034438178552,-1.0080322575483704,-0.3244048855190596,-1.7282629989757414,-1.2153112311760055,0.3153320506501721,-0.36560756420240964,-0.8300489893552743,-1.4534545309448759,-1.1712209853758033,-0.2876057833289577,-1.597742813425438,0.4670491218491595,0.06173777664441539,0.9980019960059882,-0.4250147577130797,-0.42665336858709313,0.7500971552654602
225,-1.4131588231678769,-1.0080322575483704,0.025798301439263118,0.7459861047833729,-0.5144397022394394,-0.23691322194207332,-0.7820170906288442,-0.8300489893552743,-0.10391457649280908,0.2711693907027721,-1.391658694380619,1.5737801951385104,1.36522051002062,1.2722824167309879,0.9980019960059882,-0.4250147577130797,2.3438230508096156,0.7500971552654602
226,-1.7712832081572016,0.9920317455237933,-1.024811259435705,-1.7282629989757414,0.5368675911654095,-0.7891584945343187,-0.7820170906288442,-0.25720634659801117,-0.10391457649280908,-1.1712209853758033,0.8164471277227036,-0.8929599226334495,-1.3292936544937617,-1.148806863442157,0.9980019960059882,-0.4250147577130797,-0.42665336858709313,0.7500971552654602
227,-0.6969100531892269,0.9920317455237933,1.0764078623142312,1.3645483807231515,1.2377391201019754,-0.7891584945343187,0.05080196222402497,0.888478938916515,1.2456253779592577,0.2711693907027721,-0.2876057833289577,-0.5405684772374552,-0.43112226632230105,0.06173777664441539,-1.0020020040060118,-0.4250147577130797,-0.42665336858709313,-0.32300320992117804
228,-1.7712832081572016,0.9920317455237933,-1.2582800507412535,0.7459861047833729,-1.5657469956442884,-0.7891584945343187,-1.1984266170552789,-0.8300489893552743,-0.10391457649280908,-1.1712209853758033,-1.391658694380619,-1.597742813425438,-0.43112226632230105,0.06173777664441539,0.9980019960059882,-0.4250147577130797,-0.42665336858709313,0.7500971552654602
229,0.377463101778748,-1.0080322575483704,-1.6084832376995764,1.3645483807231515,-0.8648754667077224,-0.7891584945343187,1.7164400679297633,3.1798495099455675,-1.4534545309448759,0.2711693907027721,0.8164471277227036,-0.18817703184146087,-1.3292936544937617,1.2722824167309879,-1.0020020040060118,-0.4250147577130797,-0.42665336858709313,-0.32300320992117804
230,0.377463101778748,-1.0080322575483704,-0.4411392811718339,0.12742382884359435,1.2377391201019754,-0.7891584945343187,1.7164400679297633,3.1798495099455675,-0.10391457649280908,0.2711693907027721,-1.391658694380619,-1.597742813425438,0.4670491218491595,-1.148806863442157,0.9980019960059882,-0.4250147577130797,-0.42665336858709313,-0.32300320992117804
231,-0.6969100531892269,-1.0080322575483704,0.7262046753559086,-1.1097007230359628,-1.2153112311760055,-0.23691322194207332,-0.7820170906288442,-0.8300489893552743,-0.10391457649280908,0.2711693907027721,1.3684735832485342,-0.18817703184146087,0.4670491218491595,-1.148806863442157,0.9980019960059882,-0.4250147577130797,-0.42665336858709313,-1.3961035751078161
232,-0.3387856681999019,0.9920317455237933,-0.6746080724773823,0.12742382884359435,-0.8648754667077224,0.3153320506501721,0.8836210150768942,0.888478938916515,-1.4534545309448759,0.2711693907027721,-0.8396322388547883,-0.5405684772374552,-0.43112226632230105,1.2722824167309879,0.9980019960059882,-0.4250147577130797,-0.42665336858709313,0.7500971552654602
233,0.377463101778748,-1.0080322575483704,0.7262046753559086,0.7459861047833729,0.8873033556336926,-0.7891584945343187,-0.36560756420240964,0.31563629615925193,1.2456253779592577,-1.1712209853758033,-0.8396322388547883,0.5166058589505277,0.4670491218491595,1.2722824167309879,0.9980019960059882,-0.4250147577130797,-0.42665336858709313,-1.3961035751078161
234,-0.3387856681999019,0.9920317455237933,1.1931422579670057,-1.7282629989757414,-1.5657469956442884,-0.23691322194207332,0.4672114886504596,0.888478938916515,-1.4534545309448759,-1.1712209853758033,1.3684735832485342,1.5737801951385104,0.4670491218491595,1.2722824167309879,0.9980019960059882,-0.4250147577130797,2.3438230508096156,-0.32300320992117804
235,0.735587486768073,-1.0080322575483704,-0.9080768637829308,-0.4911384470961842,-0.16400393777115643,0.3153320506501721,0.4672114886504596,0.31563629615925193,-0.10391457649280908,0.2711693907027721,-0.8396322388547883,-1.2453513680294437,0.4670491218491595,0.06173777664441539,-1.0020020040060118,-0.4250147577130797,-0.42665336858709313,1.8231975204520983
236,0.377463101778748,0.9920317455237933,0.025798301439263118,-1.1097007230359628,-0.16400393777115643,-0.7891584945343187,-0.7820170906288442,-0.25720634659801117,-1.4534545309448759,0.2711693907027721,0.8164471277227036,0.868997304346522,1.36522051002062,-1.148806863442157,-1.0020020040060118,-0.4250147577130797,-0.42665336858709313,-0.32300320992117804
237,1.451836256746723,0.9920317455237933,0.6094702797031344,0.7459861047833729,-1.2153112311760055,0.3153320506501721,0.8836210150768942,0.888478938916515,-1.4534545309448759,0.2711693907027721,-0.8396322388547883,-0.8929599226334495,0.4670491218491595,-1.148806863442157,0.9980019960059882,-0.4250147577130797,-0.42665336858709313,1.8231975204520983
238,1.451836256746723,0.9920317455237933,1.6600798405781025,0.12742382884359435,0.18643182669712655,1.4198225958346629,1.7164400679297633,0.888478938916515,-0.10391457649280908,-1.1712209853758033,1.3684735832485342,1.2213887497425162,-0.43112226632230105,0.06173777664441539,-1.0020020040060118,-0.4250147577130797,-0.42665336858709313,-0.32300320992117804
239,-1.4131588231678769,0.9920317455237933,-0.09093609421351112,-1.1097007230359628,-1.2153112311760055,-0.7891584945343187,-1.1984266170552789,-0.8300489893552743,-1.4534545309448759,0.2711693907027721,1.3684735832485342,0.868997304346522,0.4670491218491595,-1.148806863442157,0.9980019960059882,-0.4250147577130797,2.3438230508096156,-0.32300320992117804
240,-1.055034438178552,-1.0080322575483704,-0.5578736768246081,1.3645483807231515,0.18643182669712655,-0.7891584945343187,-0.7820170906288442,-0.25720634659801117,1.2456253779592577,0.2711693907027721,-1.391658694380619,-0.8929599226334495,0.4670491218491595,-1.148806863442157,-1.0020020040060118,-0.4250147577130797,-0.42665336858709313,-1.3961035751078161
241,0.735587486768073,-1.0080322575483704,0.6094702797031344,0.7459861047833729,0.5368675911654095,-0.7891584945343187,-0.7820170906288442,-0.25720634659801117,1.2456253779592577,-1.1712209853758033,0.26442067219687293,-0.18817703184146087,-1.3292936544937617,0.06173777664441539,-1.0020020040060118,2.352859475705742,2.3438230508096156,0.7500971552654602
242,0.735587486768073,0.9920317455237933,0.37600148839758585,0.7459861047833729,1.2377391201019754,0.8675773232424175,0.4672114886504596,-0.25720634659801117,-1.4534545309448759,-1.1712209853758033,-0.2876057833289577,-0.5405684772374552,0.4670491218491595,0.06173777664441539,0.9980019960059882,2.352859475705742,-0.42665336858709313,-0.32300320992117804
243,0.735587486768073,0.9920317455237933,1.6600798405781025,0.12742382884359435,-1.2153112311760055,3.6288036862036446,2.132849594356198,-0.8300489893552743,1.2456253779592577,0.2711693907027721,1.3684735832485342,-1.2453513680294437,1.36522051002062,1.2722824167309879,0.9980019960059882,-0.4250147577130797,-0.42665336858709313,-0.32300320992117804
244,1.451836256746723,-1.0080322575483704,-1.2582800507412535,0.7459861047833729,0.5368675911654095,-0.7891584945343187,-1.1984266170552789,-0.8300489893552743,-0.10391457649280908,-1.1712209853758033,-0.2876057833289577,-0.5405684772374552,-0.43112226632230105,0.06173777664441539,-1.0020020040060118,2.352859475705742,2.3438230508096156,0.7500971552654602
245,0.377463101778748,0.9920317455237933,-0.4411392811718339,0.12742382884359435,0.5368675911654095,0.8675773232424175,0.8836210150768942,0.31563629615925193,-0.10391457649280908,-1.1712209853758033,1.3684735832485342,-1.597742813425438,-1.3292936544937617,-1.148806863442157,0.9980019960059882,-0.4250147577130797,-0.42665336858709313,-0.32300320992117804
246,2.1680850267253726,-1.0080322575483704,-0.4411392811718339,-0.4911384470961842,-1.5657469956442884,3.6288036862036446,2.5492591207826325,-0.25720634659801117,1.2456253779592577,0.2711693907027721,0.26442067219687293,-0.8929599226334495,-1.3292936544937617,0.06173777664441539,-1.0020020040060118,-0.4250147577130797,-0.42665336858709313,0.7500971552654602
247,-0.6969100531892269,-1.0080322575483704,-0.9080768637829308,-1.1097007230359628,-1.5657469956442884,0.8675773232424175,0.4672114886504596,-0.25720634659801117,-1.4534545309448759,-1.1712209853758033,1.3684735832485342,0.868997304346522,-1.3292936544937617,-1.148806863442157,-1.0020020040060118,-0.4250147577130797,-0.42665336858709313,-1.3961035751078161
248,-1.055034438178552,-1.0080322575483704,0.025798301439263118,-1.1097007230359628,1.5881748845702586,-0.7891584945343187,-1.1984266170552789,-0.8300489893552743,-0.10391457649280908,1.7135597667813476,-1.391658694380619,1.5737801951385104,-1.3292936544937617,-1.148806863442157,-1.0020020040060118,-0.4250147577130797,-0.42665336858709313,0.7500971552654602
249,-1.055034438178552,-1.0080322575483704,-0.9080768637829308,1.3645483807231515,-0.8648754667077224,0.3153320506501721,-0.36560756420240964,-0.8300489893552743,1.2456253779592577,0.2711693907027721,-1.391658694380619,0.5166058589505277,-1.3292936544937617,-1.148806863442157,-1.0020020040060118,-0.4250147577130797,-0.42665336858709313,-0.32300320992117804
250,1.451836256746723,-1.0080322575483704,0.6094702797031344,-1.7282629989757414,0.8873033556336926,0.3153320506501721,2.5492591207826325,3.1798495099455675,-0.10391457649280908,0.2711693907027721,-0.2876057833289577,0.1642144135545334,-1.3292936544937617,1.2722824167309879,-1.0020020040060118,-0.4250147577130797,-0.42665336858709313,-0.32300320992117804
251,-0.6969100531892269,-1.0080322575483704,-0.5578736768246081,-0.4911384470961842,0.8873033556336926,-0.23691322194207332,-0.36560756420240964,-0.25720634659801117,-0.10391457649280908,0.2711693907027721,-0.8396322388547883,-1.2453513680294437,-0.43112226632230105,1.2722824167309879,0.9980019960059882,-0.4250147577130797,-0.42665336858709313,-1.3961035751078161
252,0.377463101778748,-1.0080322575483704,-0.6746080724773823,0.7459861047833729,1.2377391201019754,-0.23691322194207332,-0.36560756420240964,-0.25720634659801117,1.2456253779592577,1.7135597667813476,1.3684735832485342,-1.2453513680294437,1.36522051002062,1.2722824167309879,-1.0020020040060118,-0.4250147577130797,-0.42665336858709313,-0.32300320992117804
253,0.735587486768073,0.9920317455237933,-0.3244048855190596,-0.4911384470961842,-0.5144397022394394,-0.7891584945343187,0.4672114886504596,1.4613215816737781,-0.10391457649280908,0.2711693907027721,1.3684735832485342,0.5166058589505277,-1.3292936544937617,0.06173777664441539,0.9980019960059882,-0.4250147577130797,-0.42665336858709313,0.7500971552654602
254,-0.3387856681999019,-1.0080322575483704,-1.6084832376995764,-1.1097007230359628,-0.5144397022394394,-0.7891584945343187,-1.1984266170552789,-0.8300489893552743,-0.10391457649280908,1.7135597667813476,-0.8396322388547883,0.868997304346522,1.36522051002062,0.06173777664441539,-1.0020020040060118,2.352859475705742,-0.42665336858709313,0.7500971552654602
255,1.8099606417360476,-1.0080322575483704,-1.024811259435705,-1.7282629989757414,-0.16400393777115643,-0.7891584945343187,-0.7820170906288442,-0.25720634659801117,-0.10391457649280908,0.2711693907027721,0.8164471277227036,-1.2453513680294437,1.36522051002062,0.06173777664441539,0.9980019960059882,2.352859475705742,-0.42665336858709313,-0.32300320992117804
256,-0.3387856681999019,0.9920317455237933,-0.3244048855190596,-1.1097007230359628,1.2377391201019754,-0.23691322194207332,-0.7820170906288442,-0.8300489893552743,-0.10391457649280908,0.2711693907027721,-1.391658694380619,1.5737801951385104,-0.43112226632230105,-1.148806863442157,0.9980019960059882,-0.4250147577130797,2.3438230508096156,0.7500971552654602
257,0.377463101778748,-1.0080322575483704,0.8429390710086828,-1.7282629989757414,-0.16400393777115643,-0.23691322194207332,0.4672114886504596,0.888478938916515,-1.4534545309448759,0.2711693907027721,-0.8396322388547883,-0.18817703184146087,-0.43112226632230105,0.06173777664441539,0.9980019960059882,2.352859475705742,-0.42665336858709313,0.7500971552654602
258,0.735587486768073,0.9920317455237933,0.8429390710086828,1.3645483807231515,-0.16400393777115643,-0.7891584945343187,0.4672114886504596,1.4613215816737781,-0.10391457649280908,1.7135597667813476,1.3684735832485342,-0.18817703184146087,1.36522051002062,0.06173777664441539,-1.0020020040060118,-0.4250147577130797,-0.42665336858709313,0.7500971552654602
259,-0.3387856681999019,0.9920317455237933,1.1931422579670057,-0.4911384470961842,-1.5657469956442884,1.4198225958346629,0.8836210150768942,-0.25720634659801117,1.2456253779592577,-1.1712209853758033,1.3684735832485342,0.1642144135545334,-1.3292936544937617,-1.148806863442157,-1.0020020040060118,-0.4250147577130797,-0.42665336858709313,0.7500971552654602
260,-1.4131588231678769,-1.0080322575483704,-1.6084832376995764,0.7459861047833729,-1.2153112311760055,-0.23691322194207332,-0.36560756420240964,-0.25720634659801117,1.2456253779592577,0.2711693907027721,-0.8396322388547883,0.5166058589505277,-1.3292936544937617,0.06173777664441539,-1.0020020040060118,-0.4250147577130797,2.3438230508096156,1.8231975204520983
261,0.735587486768073,0.9920317455237933,0.25926709274481163,-1.1097007230359628,-0.5144397022394394,-0.7891584945343187,-0.36560756420240964,0.31563629615925193,-0.10391457649280908,0.2711693907027721,-1.391658694380619,-0.5405684772374552,-1.3292936544937617,-1.148806863442157,-1.0020020040060118,-0.4250147577130797,-0.42665336858709313,-0.32300320992117804
262,-0.3387856681999019,-1.0080322575483704,0.959673466661457,-1.7282629989757414,-0.16400393777115643,-0.7891584945343187,-1.1984266170552789,-0.8300489893552743,-0.10391457649280908,0.2711693907027721,-0.8396322388547883,-0.5405684772374552,0.4670491218491595,-1.148806863442157,0.9980019960059882,-0.4250147577130797,-0.42665336858709313,-0.32300320992117804
263,-1.4131588231678769,-1.0080322575483704,1.426611049272554,-0.4911384470961842,1.5881748845702586,-0.7891584945343187,-1.1984266170552789,-0.8300489893552743,-0.10391457649280908,1.7135597667813476,-0.8396322388547883,0.868997304346522,-0.43112226632230105,1.2722824167309879,-1.0020020040060118,-0.4250147577130797,2.3438230508096156,0.7500971552654602
264,-0.6969100531892269,-1.0080322575483704,0.8429390710086828,0.12742382884359435,-1.2153112311760055,0.8675773232424175,0.05080196222402497,-0.8300489893552743,-0.10391457649280908,0.2711693907027721,-0.8396322388547883,-0.8929599226334495,-0.43112226632230105,-1.148806863442157,-1.0020020040060118,-0.4250147577130797,-0.42665336858709313,0.7500971552654602
265,0.01933871678942301,-1.0080322575483704,0.37600148839758585,0.7459861047833729,0.18643182669712655,0.8675773232424175,1.3000305415033289,0.888478938916515,1.2456253779592577,1.7135597667813476,0.26442067219687293,-1.2453513680294437,-0.43112226632230105,0.06173777664441539,-1.0020020040060118,-0.4250147577130797,-0.42665336858709313,-1.3961035751078161
266,0.377463101778748,-1.0080322575483704,0.4927358840503601,1.3645483807231515,-1.5657469956442884,-0.23691322194207332,0.05080196222402497,0.31563629615925193,-1.4534545309448759,-1.1712209853758033,-0.8396322388547883,-0.18817703184146087,0.4670491218491595,1.2722824167309879,0.9980019960059882,-0.4250147577130797,-0.42665336858709313,-0.32300320992117804
267,-1.7712832081572016,-1.0080322575483704,1.30987665361978,0.7459861047833729,-0.8648754667077224,-0.7891584945343187,-1.1984266170552789,-0.8300489893552743,-1.4534545309448759,-1.1712209853758033,0.26442067219687293,1.2213887497425162,-0.43112226632230105,0.06173777664441539,0.9980019960059882,-0.4250147577130797,-0.42665336858709313,-0.32300320992117804
268,0.735587486768073,-1.0080322575483704,0.25926709274481163,1.3645483807231515,0.5368675911654095,3.076558413611399,1.7164400679297633,-0.8300489893552743,1.2456253779592577,0.2711693907027721,0.8164471277227036,0.1642144135545334,-0.43112226632230105,0.06173777664441539,-1.0020020040060118,-0.4250147577130797,-0.42665336858709313,-0.32300320992117804
269,0.735587486768073,-1.0080322575483704,-1.1415456550884793,-1.7282629989757414,-0.16400393777115643,0.3153320506501721,-0.36560756420240964,-0.8300489893552743,-0.10391457649280908,-1.1712209853758033,-0.2876057833289577,-1.2453513680294437,1.36522051002062,1.2722824167309879,0.9980019960059882,-0.4250147577130797,-0.42665336858709313,-0.32300320992117804
270,0.377463101778748,0.9920317455237933,1.1931422579670057,0.7459861047833729,0.5368675911654095,-0.7891584945343187,-1.1984266170552789,-0.8300489893552743,-0.10391457649280908,0.2711693907027721,-0.8396322388547883,-0.8929599226334495,-0.43112226632230105,-1.148806863442157,-1.0020020040060118,-0.4250147577130797,-0.42665336858709313,-1.3961035751078161
271,0.01933871678942301,0.9920317455237933,-1.6084832376995764,1.3645483807231515,-0.16400393777115643,-0.7891584945343187,-0.7820170906288442,-0.25720634659801117,-0.10391457649280908,0.2711693907027721,0.26442067219687293,0.5166058589505277,1.36522051002062,-1.148806863442157,-1.0020020040060118,-0.4250147577130797,-0.42665336858709313,-1.3961035751078161
272,0.01933871678942301,-1.0080322575483704,-1.024811259435705,1.3645483807231515,0.18643182669712655,1.4198225958346629,0.8836210150768942,-0.25720634659801117,-1.4534545309448759,-1.1712209853758033,-0.8396322388547883,1.2213887497425162,1.36522051002062,0.06173777664441539,-1.0020020040060118,-0.4250147577130797,-0.42665336858709313,1.8231975204520983
273,-1.055034438178552,0.9920317455237933,1.426611049272554,1.3645483807231515,0.8873033556336926,-0.7891584945343187,0.05080196222402497,0.888478938916515,1.2456253779592577,-1.1712209853758033,-1.391658694380619,-0.8929599226334495,-1.3292936544937617,1.2722824167309879,-1.0020020040060118,-0.4250147577130797,-0.42665336858709313,1.8231975204520983
274,1.8099606417360476,-1.0080322575483704,1.30987665361978,1.3645483807231515,0.18643182669712655,0.8675773232424175,0.4672114886504596,-0.25720634659801117,-0.10391457649280908,-1.1712209853758033,-1.391658694380619,0.1642144135545334,-1.3292936544937617,-1.148806863442157,0.9980019960059882,-0.4250147577130797,-0.42665336858709313,0.7500971552654602
275,0.01933871678942301,0.9920317455237933,1.6600798405781025,0.7459861047833729,-1.5657469956442884,-0.7891584945343187,0.8836210150768942,2.0341642244310414,-0.10391457649280908,-1.1712209853758033,-1.391658694380619,0.868997304346522,0.4670491218491595,-1.148806863442157,-1.0020020040060118,-0.4250147577130797,-0.42665336858709313,0.7500971552654602
276,0.01933871678942301,-1.0080322575483704,0.14253269709203736,-0.4911384470961842,-0.16400393777115643,1.4198225958346629,0.4672114886504596,-0.8300489893552743,-0.10391457649280908,-1.1712209853758033,-1.391658694380619,-1.2453513680294437,0.4670491218491595,1.2722824167309879,0.9980019960059882,-0.4250147577130797,-0.42665336858709313,0.7500971552654602
277,-1.4131588231678769,0.9920317455237933,-1.4917488420468021,-1.1097007230359628,-0.16400393777115643,-0.23691322194207332,-0.7820170906288442,-0.8300489893552743,-1.4534545309448759,0.2711693907027721,-0.2876057833289577,1.5737801951385104,-1.3292936544937617,1.2722824167309879,-1.0020020040060118,-0.4250147577130797,-0.42665336858709313,0.7500971552654602
278,-1.4131588231678769,0.9920317455237933,0.25926709274481163,-0.4911384470961842,-1.2153112311760055,-0.7891584945343187,-1.1984266170552789,-0.8300489893552743,-1.4534545309448759,0.2711693907027721,-0.8396322388547883,0.1642144135545334,0.4670491218491595,-1.148806863442157,0.9980019960059882,-0.4250147577130797,-0.42665336858709313,-0.32300320992117804
279,-1.4131588231678769,0.9920317455237933,-1.024811259435705,-0.4911384470961842,1.2377391201019754,-0.23691322194207332,-0.36560756420240964,-0.25720634659801117,1.2456253779592577,0.2711693907027721,0.8164471277227036,-0.5405684772374552,1.36522051002062,0.06173777664441539,-1.0020020040060118,-0.4250147577130797,-0.42665336858709313,1.8231975204520983
280,1.451836256746723,-1.0080322575483704,0.4927358840503601,0.7459861047833729,0.18643182669712655,-0.7891584945343187,-0.7820170906288442,-0.25720634659801117,1.2456253779592577,-1.1712209853758033,0.26442067219687293,1.5737801951385104,1.36522051002062,-1.148806863442157,-1.0020020040060118,2.352859475705742,-0.42665336858709313,1.8231975204520983
281,1.8099606417360476,-1.0080322575483704,0.6094702797031344,-1.7282629989757414,1.2377391201019754,0.3153320506501721,0.05080196222402497,-0.25720634659801117,1.2456253779592577,-1.1712209853758033,-1.391658694380619,-0.18817703184146087,1.36522051002062,0.06173777664441539,-1.0020020040060118,-0.4250147577130797,-0.42665336858709313,-0.32300320992117804
282,0.377463101778748,-1.0080322575483704,-1.375014446394028,-1.1097007230359628,-0.5144397022394394,-0.23691322194207332,0.4672114886504596,0.888478938916515,-1.4534545309448759,1.7135597667813476,-1.391658694380619,-1.597742813425438,1.36522051002062,0.06173777664441539,0.9980019960059882,-0.4250147577130797,-0.42665336858709313,-0.32300320992117804
283,1.093711871757398,0.9920317455237933,-1.375014446394028,0.7459861047833729,0.5368675911654095,3.6288036862036446,2.5492591207826325,-0.25720634659801117,-0.10391457649280908,0.2711693907027721,0.26442067219687293,-1.2453513680294437,-1.3292936544937617,0.06173777664441539,0.9980019960059882,-0.4250147577130797,2.3438230508096156,0.7500971552654602
284,0.377463101778748,-1.0080322575483704,-0.3244048855190596,-0.4911384470961842,0.5368675911654095,3.076558413611399,1.7164400679297633,-0.8300489893552743,1.2456253779592577,-1.1712209853758033,-0.8396322388547883,0.1642144135545334,-1.3292936544937617,0.06173777664441539,0.9980019960059882,-0.4250147577130797,-0.42665336858709313,-1.3961035751078161
285,-0.6969100531892269,-1.0080322575483704,0.14253269709203736,0.12742382884359435,-0.5144397022394394,1.4198225958346629,0.4672114886504596,-0.8300489893552743,1.2456253779592577,-1.1712209853758033,-0.2876057833289577,0.5166058589505277,-1.3292936544937617,1.2722824167309879,0.9980019960059882,-0.4250147577130797,2.3438230508096156,0.7500971552654602
286,0.01933871678942301,0.9920317455237933,-1.1415456550884793,0.7459861047833729,0.18643182669712655,-0.23691322194207332,-0.7820170906288442,-0.8300489893552743,-1.4534545309448759,0.2711693907027721,-0.2876057833289577,1.5737801951385104,-0.43112226632230105,-1.148806863442157,0.9980019960059882,-0.4250147577130797,2.3438230508096156,-0.32300320992117804
287,0.377463101778748,0.9920317455237933,-0.5578736768246081,0.7459861047833729,0.8873033556336926,0.3153320506501721,1.3000305415033289,1.4613215816737781,-0.10391457649280908,0.2711693907027721,0.8164471277227036,-1.597742813425438,1.36522051002062,-1.148806863442157,0.9980019960059882,-0.4250147577130797,-0.42665336858709313,-0.32300320992117804
288,0.01933871678942301,0.9920317455237933,-1.375014446394028,0.12742382884359435,0.18643182669712655,0.3153320506501721,0.8836210150768942,0.888478938916515,-1.4534545309448759,1.7135597667813476,-0.2876057833289577,-1.2453513680294437,1.36522051002062,1.2722824167309879,0.9980019960059882,-0.4250147577130797,-0.42665336858709313,-1.3961035751078161
289,0.377463101778748,-1.0080322575483704,-1.2582800507412535,0.12742382884359435,1.5881748845702586,1.9720678684269082,1.3000305415033289,-0.25720634659801117,-0.10391457649280908,0.2711693907027721,0.26442067219687293,1.5737801951385104,-0.43112226632230105,1.2722824167309879,0.9980019960059882,-0.4250147577130797,-0.42665336858709313,-0.32300320992117804
290,-0.6969100531892269,0.9920317455237933,-0.20767048986628536,0.7459861047833729,1.2377391201019754,-0.7891584945343187,-1.1984266170552789,-0.8300489893552743,-0.10391457649280908,0.2711693907027721,0.26442067219687293,-1.597742813425438,1.36522051002062,-1.148806863442157,0.9980019960059882,-0.4250147577130797,-0.42665336858709313,-0.32300320992117804
291,0.01933871678942301,-1.0080322575483704,-1.2582800507412535,0.7459861047833729,-0.8648754667077224,-0.23691322194207332,0.05080196222402497,0.31563629615925193,-0.10391457649280908,-1.1712209853758033,-0.8396322388547883,0.1642144135545334,-1.3292936544937617,-1.148806863442157,0.9980019960059882,2.352859475705742,-0.42665336858709313,1.8231975204520983
292,1.093711871757398,0.9920317455237933,0.7262046753559086,1.3645483807231515,1.2377391201019754,0.8675773232424175,0.4672114886504596,-0.25720634659801117,-0.10391457649280908,0.2711693907027721,-1.391658694380619,-0.5405684772374552,0.4670491218491595,1.2722824167309879,0.9980019960059882,2.352859475705742,2.3438230508096156,-0.32300320992117804
293,-1.7712832081572016,0.9920317455237933,1.6600798405781025,0.12742382884359435,0.8873033556336926,-0.7891584945343187,-0.7820170906288442,-0.25720634659801117,1.2456253779592577,1.7135597667813476,-0.2876057833289577,0.1642144135545334,-1.3292936544937617,-1.148806863442157,-1.0020020040060118,-0.4250147577130797,-0.42665336858709313,0.7500971552654602
294,1.093711871757398,-1.0080322575483704,1.0764078623142312,0.7459861047833729,0.5368675911654095,-0.23691322194207332,1.7164400679297633,2.6070068671883044,1.2456253779592577,-1.1712209853758033,-0.2876057833289577,-0.8929599226334495,-0.43112226632230105,1.2722824167309879,-1.0020020040060118,-0.4250147577130797,-0.42665336858709313,1.8231975204520983
295,-0.3387856681999019,0.9920317455237933,-1.6084832376995764,0.12742382884359435,0.18643182669712655,-0.23691322194207332,-0.7820170906288442,-0.8300489893552743,1.2456253779592577,0.2711693907027721,0.8164471277227036,0.5166058589505277,-0.43112226632230105,1.2722824167309879,-1.0020020040060118,-0.4250147577130797,-0.42665336858709313,-0.32300320992117804
296,0.377463101778748,0.9920317455237933,-0.20767048986628536,0.12742382884359435,1.2377391201019754,-0.7891584945343187,-0.7820170906288442,-0.25720634659801117,1.2456253779592577,0.2711693907027721,1.3684735832485342,1.5737801951385104,-0.43112226632230105,0.06173777664441539,-1.0020020040060118,-0.4250147577130797,-0.42665336858709313,-1.3961035751078161
297,1.451836256746723,-1.0080322575483704,-0.4411392811718339,0.7459861047833729,-0.8648754667077224,1.9720678684269082,2.132849594356198,0.888478938916515,-1.4534545309448759,0.2711693907027721,-0.8396322388547883,-0.8929599226334495,-1.3292936544937617,0.06173777664441539,0.9980019960059882,-0.4250147577130797,-0.42665336858709313,-0.32300320992117804
298,-0.3387856681999019,-1.0080322575483704,0.8429390710086828,0.7459861047833729,-1.2153112311760055,-0.7891584945343187,-1.1984266170552789,-0.8300489893552743,1.2456253779592577,-1.1712209853758033,0.8164471277227036,-0.18817703184146087,-1.3292936544937617,-1.148806863442157,-1.0020020040060118,-0.4250147577130797,-0.42665336858709313,0.7500971552654602
299,1.451836256746723,0.9920317455237933,-1.024811259435705,0.12742382884359435,-0.5144397022394394,-0.7891584945343187,-0.7820170906288442,-0.25720634659801117,-1.4534545309448759,-1.1712209853758033,-1.391658694380619,0.1642144135545334,-0.43112226632230105,-1.148806863442157,0.9980019960059882,-0.4250147577130797,-0.42665336858709313,1.8231975204520983
300,-0.3387856681999019,-1.0080322575483704,0.8429390710086828,0.12742382884359435,-0.5144397022394394,0.3153320506501721,0.8836210150768942,0.888478938916515,1.2456253779592577,0.2711693907027721,1.3684735832485342,1.2213887497425162,0.4670491218491595,0.06173777664441539,0.9980019960059882,2.352859475705742,-0.42665336858709313,-0.32300320992117804
301,0.377463101778748,-1.0080322575483704,0.37600148839758585,0.7459861047833729,1.5881748845702586,-0.23691322194207332,1.3000305415033289,2.0341642244310414,-0.10391457649280908,-1.1712209853758033,0.26442067219687293,-0.8929599226334495,1.36522051002062,-1.148806863442157,0.9980019960059882,-0.4250147577130797,2.3438230508096156,-1.3961035751078161
302,1.093711871757398,0.9920317455237933,-1.375014446394028,0.12742382884359435,0.8873033556336926,-0.23691322194207332,0.4672114886504596,0.888478938916515,-0.10391457649280908,1.7135597667813476,-1.391658694380619,1.5737801951385104,0.4670491218491595,0.06173777664441539,-1.0020020040060118,-0.4250147577130797,2.3438230508096156,1.8231975204520983
303,-1.7712832081572016,0.9920317455237933,1.0764078623142312,-0.4911384470961842,-1.2153112311760055,-0.23691322194207332,-0.7820170906288442,-0.8300489893552743,1.2456253779592577,1.7135597667813476,-1.391658694380619,-1.2453513680294437,-1.3292936544937617,-1.148806863442157,-1.0020020040060118,-0.4250147577130797,-0.42665336858709313,-1.3961035751078161
304,-0.6969100531892269,-1.0080322575483704,1.6600798405781025,-0.4911384470961842,-0.8648754667077224,-0.7891584945343187,0.05080196222402497,0.888478938916515,-0.10391457649280908,0.2711693907027721,0.8164471277227036,-0.18817703184146087,-0.43112226632230105,-1.148806863442157,-1.0020020040060118,2.352859475705742,-0.42665336858709313,-0.32300320992117804
305,-0.6969100531892269,-1.0080322575483704,1.426611049272554,1.3645483807231515,-0.16400393777115643,-0.7891584945343187,0.05080196222402497,0.888478938916515,1.2456253779592577,-1.1712209853758033,-0.2876057833289577,1.2213887497425162,0.4670491218491595,-1.148806863442157,0.9980019960059882,-0.4250147577130797,-0.42665336858709313,1.8231975204520983
306,-1.055034438178552,-1.0080322575483704,1.5433454449253283,-1.1097007230359628,-1.5657469956442884,-0.7891584945343187,-1.1984266170552789,-0.8300489893552743,-1.4534545309448759,0.2711693907027721,1.3684735832485342,-1.597742813425438,1.36522051002062,-1.148806863442157,-1.0020020040060118,2.352859475705742,-0.42665336858709313,0.7500971552654602
307,1.093711871757398,-1.0080322575483704,-0.4411392811718339,-1.7282629989757414,-1.5657469956442884,-0.7891584945343187,-0.7820170906288442,-0.25720634659801117,-0.10391457649280908,1.7135597667813476,-0.8396322388547883,0.868997304346522,-1.3292936544937617,-1.148806863442157,-1.0020020040060118,-0.4250147577130797,-0.42665336858709313,0.7500971552654602
308,0.735587486768073,-1.0080322575483704,-1.1415456550884793,0.7459861047833729,-1.5657469956442884,-0.23691322194207332,-0.36560756420240964,-0.25720634659801117,1.2456253779592577,0.2711693907027721,0.8164471277227036,-0.5405684772374552,1.36522051002062,-1.148806863442157,-1.0020020040060118,-0.4250147577130797,-0.42665336858709313,-1.3961035751078161
309,-0.3387856681999019,0.9920317455237933,-0.3244048855190596,-0.4911384470961842,-0.5144397022394394,0.8675773232424175,0.8836210150768942,0.31563629615925193,-0.10391457649280908,-1.1712209853758033,-1.391658694380619,1.5737801951385104,0.4670491218491595,0.06173777664441539,-1.0020020040060118,2.352859475705742,-0.42665336858709313,0.7500971552654602
310,-1.4131588231678769,0.9920317455237933,0.14253269709203736,0.7459861047833729,-0.16400393777115643,-0.7891584945343187,-1.1984266170552789,-0.8300489893552743,1.2456253779592577,0.2711693907027721,0.8164471277227036,-1.2453513680294437,-0.43112226632230105,0.06173777664441539,-1.0020020040060118,2.352859475705742,-0.42665336858709313,0.7500971552654602
311,1.093711871757398,-1.0080322575483704,-1.4917488420468021,0.7459861047833729,-1.2153112311760055,0.3153320506501721,0.8836210150768942,0.888478938916515,1.2456253779592577,-1.1712209853758033,-1.391658694380619,-0.18817703184146087,1.36522051002062,-1.148806863442157,-1.0020020040060118,2.352859475705742,-0.42665336858709313,-0.32300320992117804
312,1.8099606417360476,0.9920317455237933,0.25926709274481163,0.12742382884359435,-1.2153112311760055,3.6288036862036446,2.5492591207826325,-0.25720634659801117,-0.10391457649280908,-1.1712209853758033,-1.391658694380619,-1.2453513680294437,-0.43112226632230105,-1.148806863442157,-1.0020020040060118,-0.4250147577130797,-0.42665336858709313,0.7500971552654602
313,1.093711871757398,-1.0080322575483704,-0.6746080724773823,0.7459861047833729,-0.16400393777115643,-0.23691322194207332,1.3000305415033289,2.0341642244310414,1.2456253779592577,0.2711693907027721,0.8164471277227036,-1.2453513680294437,-0.43112226632230105,0.06173777664441539,-1.0020020040060118,-0.4250147577130797,-0.42665336858709313,-1.3961035751078161
314,0.735587486768073,-1.0080322575483704,0.7262046753559086,0.7459861047833729,0.5368675911654095,3.076558413611399,1.7164400679297633,-0.8300489893552743,-0.10391457649280908,0.2711693907027721,1.3684735832485342,-0.8929599226334495,-0.43112226632230105,1.2722824167309879,-1.0020020040060118,-0.4250147577130797,-0.42665336858709313,-0.32300320992117804
315,0.377463101778748,0.9920317455237933,1.6600798405781025,0.12742382884359435,-1.5657469956442884,-0.23691322194207332,0.05080196222402497,0.31563629615925193,-0.10391457649280908,0.2711693907027721,-0.8396322388547883,0.1642144135545334,-0.43112226632230105,1.2722824167309879,0.9980019960059882,2.352859475705742,-0.42665336858709313,-0.32300320992117804
316,-0.6969100531892269,0.9920317455237933,1.1931422579670057,-1.1097007230359628,0.8873033556336926,-0.7891584945343187,-0.7820170906288442,-0.25720634659801117,-0.10391457649280908,-1.1712209853758033,-0.2876057833289577,-0.5405684772374552,-0.43112226632230105,0.06173777664441539,-1.0020020040060118,-0.4250147577130797,2.3438230508096156,-1.3961035751078161
317,0.01933871678942301,-1.0080322575483704,1.6600798405781025,-1.1097007230359628,-1.5657469956442884,-0.23691322194207332,1.3000305415033289,2.0341642244310414,-1.4534545309448759,0.2711693907027721,-0.2876057833289577,-1.2453513680294437,0.4670491218491595,1.2722824167309879,-1.0020020040060118,-0.4250147577130797,2.3438230508096156,0.7500971552654602
318,-0.3387856681999019,-1.0080322575483704,0.6094702797031344,-1.7282629989757414,-1.2153112311760055,0.3153320506501721,-0.36560756420240964,-0.8300489893552743,-1.4534545309448759,0.2711693907027721,-0.8396322388547883,-1.2453513680294437,1.36522051002062,-1.148806863442157,0.9980019960059882,-0.4250147577130797,-0.42665336858709313,-0.32300320992117804
319,0.735587486768073,0.9920317455237933,0.025798301439263118,-1.1097007230359628,0.8873033556336926,0.8675773232424175,1.7164400679297633,1.4613215816737781,-1.4534545309448759,0.2711693907027721,1.3684735832485342,-0.8929599226334495,0.4670491218491595,0.06173777664441539,0.9980019960059882,2.352859475705742,2.3438230508096156,-0.32300320992117804
320,0.735587486768073,-1.0080322575483704,0.4927358840503601,-0.4911384470961842,1.5881748845702586,-0.7891584945343187,-0.7820170906288442,-0.25720634659801117,-1.4534545309448759,0.2711693907027721,0.8164471277227036,-1.597742813425438,-1.3292936544937617,-1.148806863442157,0.9980019960059882,-0.4250147577130797,-0.42665336858709313,-1.3961035751078161
321,-0.6969100531892269,0.9920317455237933,0.025798301439263118,-1.1097007230359628,0.18643182669712655,-0.23691322194207332,-0.7820170906288442,-0.8300489893552743,-0.10391457649280908,0.2711693907027721,-1.391658694380619,-0.8929599226334495,-0.43112226632230105,-1.148806863442157,0.9980019960059882,-0.4250147577130797,-0.42665336858709313,-0.32300320992117804
322,2.1680850267253726,-1.0080322575483704,1.5433454449253283,-1.7282629989757414,-0.16400393777115643,-0.23691322194207332,0.4672114886504596,0.888478938916515,-1.4534545309448759,-1.1712209853758033,1.3684735832485342,-0.8929599226334495,1.36522051002062,-1.148806863442157,0.9980019960059882,-0.4250147577130797,-0.42665336858709313,-0.32300320992117804
323,0.377463101778748,-1.0080322575483704,-0.20767048986628536,1.3645483807231515,0.5368675911654095,-0.23691322194207332,-0.36560756420240964,-0.25720634659801117,1.2456253779592577,-1.1712209853758033,-1.391658694380619,1.2213887497425162,-1.3292936544937617,0.06173777664441539,-1.0020020040060118,-0.4250147577130797,-0.42665336858709313,-1.3961035751078161
324,0.377463101778748,-1.0080322575483704,1.0764078623142312,0.12742382884359435,-0.8648754667077224,1.9720678684269082,1.7164400679297633,0.31563629615925193,1.2456253779592577,1.7135597667813476,-1.391658694380619,1.5737801951385104,-1.3292936544937617,1.2722824167309879,0.9980019960059882,-0.4250147577130797,-0.42665336858709313,1.8231975204520983
325,0.01933871678942301,0.9920317455237933,0.8429390710086828,-1.7282629989757414,0.8873033556336926,-0.23691322194207332,-0.7820170906288442,-0.8300489893552743,-0.10391457649280908,-1.1712209853758033,-1.391658694380619,-0.5405684772374552,-0.43112226632230105,0.06173777664441539,0.9980019960059882,-0.4250147577130797,2.3438230508096156,-0.32300320992117804
326,0.01933871678942301,0.9920317455237933,1.426611049272554,-1.1097007230359628,-0.5144397022394394,-0.7891584945343187,-1.1984266170552789,-0.8300489893552743,-0.10391457649280908,0.2711693907027721,0.26442067219687293,0.868997304346522,-1.3292936544937617,-1.148806863442157,0.9980019960059882,-0.4250147577130797,-0.42665336858709313,-0.32300320992117804
327,0.377463101778748,0.9920317455237933,-0.09093609421351112,0.12742382884359435,-0.16400393777115643,1.9720678684269082,1.3000305415033289,-0.25720634659801117,-1.4534545309448759,-1.1712209853758033,-1.391658694380619,0.5166058589505277,-0.43112226632230105,-1.148806863442157,0.9980019960059882,-0.4250147577130797,-0.42665336858709313,-1.3961035751078161
328,-0.6969100531892269,0.9920317455237933,0.959673466661457,-1.1097007230359628,0.5368675911654095,-0.23691322194207332,0.4672114886504596,0.888478938916515,1.2456253779592577,1.7135597667813476,1.3684735832485342,-0.18817703184146087,1.36522051002062,0.06173777664441539,0.9980019960059882,-0.4250147577130797,-0.42665336858709313,-1.3961035751078161
329,1.093711871757398,0.9920317455237933,1.30987665361978,-0.4911384470961842,-1.5657469956442884,-0.23691322194207332,-0.36560756420240964,-0.25720634659801117,-1.4534545309448759,0.2711693907027721,0.8164471277227036,-0.8929599226334495,0.4670491218491595,-1.148806863442157,0.9980019960059882,-0.4250147577130797,-0.42665336858709313,0.7500971552654602
330,1.093711871757398,0.9920317455237933,0.4927358840503601,-0.4911384470961842,-1.5657469956442884,-0.7891584945343187,2.5492591207826325,4.325534795460094,-1.4534545309448759,-1.1712209853758033,0.8164471277227036,-1.2453513680294437,0.4670491218491595,1.2722824167309879,0.9980019960059882,2.352859475705742,-0.42665336858709313,-1.3961035751078161
331,-1.7712832081572016,0.9920317455237933,-1.024811259435705,0.7459861047833729,0.5368675911654095,-0.7891584945343187,-1.1984266170552789,-0.8300489893552743,-0.10391457649280908,1.7135597667813476,-0.8396322388547883,-0.8929599226334495,-1.3292936544937617,1.2722824167309879,-1.0020020040060118,-0.4250147577130797,-0.42665336858709313,-0.32300320992117804
332,0.01933871678942301,0.9920317455237933,-1.2582800507412535,-1.1097007230359628,0.5368675911654095,-0.7891584945343187,-0.7820170906288442,-0.25720634659801117,1.2456253779592577,0.2711693907027721,-0.8396322388547883,1.5737801951385104,1.36522051002062,0.06173777664441539,-1.0020020040060118,-0.4250147577130797,2.3438230508096156,-0.32300320992117804
333,1.093711871757398,-1.0080322575483704,-1.4917488420468021,0.12742382884359435,1.5881748845702586,-0.23691322194207332,0.8836210150768942,1.4613215816737781,-0.10391457649280908,-1.1712209853758033,-0.2876057833289577,-0.5405684772374552,-0.43112226632230105,1.2722824167309879,-1.0020020040060118,-0.4250147577130797,-0.42665336858709313,-0.32300320992117804
334,-0.6969100531892269,-1.0080322575483704,0.37600148839758585,0.12742382884359435,0.8873033556336926,-0.7891584945343187,0.05080196222402497,0.888478938916515,1.2456253779592577,-1.1712209853758033,-1.391658694380619,0.1642144135545334,1.36522051002062,0.06173777664441539,-1.0020020040060118,2.352859475705742,-0.42665336858709313,0.7500971552654602
335,0.735587486768073,-1.0080322575483704,-0.5578736768246081,0.7459861047833729,-0.16400393777115643,-0.7891584945343187,0.8836210150768942,2.0341642244310414,1.2456253779592577,1.7135597667813476,-0.8396322388547883,0.1642144135545334,-1.3292936544937617,0.06173777664441539,-1.0020020040060118,-0.4250147577130797,-0.42665336858709313,-0.32300320992117804
336,2.1680850267253726,0.9920317455237933,-0.9080768637829308,1.3645483807231515,-0.8648754667077224,-0.7891584945343187,2.132849594356198,3.7526921527028305,-1.4534545309448759,-1.1712209853758033,1.3684735832485342,1.5737801951385104,0.4670491218491595,0.06173777664441539,-1.0020020040060118,-0.4250147577130797,-0.42665336858709313,1.8231975204520983
337,0.01933871678942301,0.9920317455237933,1.0764078623142312,1.3645483807231515,0.5368675911654095,-0.7891584945343187,-1.1984266170552789,-0.8300489893552743,1.2456253779592577,-1.1712209853758033,-0.2876057833289577,-0.8929599226334495,1.36522051002062,-1.148806863442157,-1.0020020040060118,-0.4250147577130797,-0.42665336858709313,-0.32300320992117804
338,0.377463101778748,-1.0080322575483704,-1.375014446394028,-0.4911384470961842,-0.16400393777115643,0.3153320506501721,1.3000305415033289,1.4613215816737781,-1.4534545309448759,0.2711693907027721,-0.8396322388547883,-0.18817703184146087,-1.3292936544937617,-1.148806863442157,-1.0020020040060118,-0.4250147577130797,-0.42665336858709313,-0.32300320992117804
339,-1.055034438178552,0.9920317455237933,0.14253269709203736,1.3645483807231515,-0.8648754667077224,-0.7891584945343187,-0.7820170906288442,-0.25720634659801117,-0.10391457649280908,-1.1712209853758033,1.3684735832485342,0.868997304346522,1.36522051002062,-1.148806863442157,0.9980019960059882,-0.4250147577130797,-0.42665336858709313,-0.32300320992117804
340,1.093711871757398,0.9920317455237933,-1.2582800507412535,-0.4911384470961842,0.18643182669712655,-0.23691322194207332,1.7164400679297633,2.6070068671883044,1.2456253779592577,0.2711693907027721,1.3684735832485342,-1.597742813425438,1.36522051002062,-1.148806863442157,0.9980019960059882,2.352859475705742,2.3438230508096156,0.7500971552654602
341,-0.3387856681999019,0.9920317455237933,1.1931422579670057,0.7459861047833729,-0.5144397022394394,0.8675773232424175,0.4672114886504596,-0.25720634659801117,-1.4534545309448759,-1.1712209853758033,-1.391658694380619,-0.18817703184146087,-1.3292936544937617,1.2722824167309879,-1.0020020040060118,-0.4250147577130797,-0.42665336858709313,-0.32300320992117804
342,-0.3387856681999019,-1.0080322575483704,0.4927358840503601,-1.1097007230359628,1.5881748845702586,-0.7891584945343187,-1.1984266170552789,-0.8300489893552743,1.2456253779592577,0.2711693907027721,-0.2876057833289577,-1.597742813425438,0.4670491218491595,0.06173777664441539,0.9980019960059882,-0.4250147577130797,-0.42665336858709313,-0.32300320992117804
343,-1.055034438178552,0.9920317455237933,-0.3244048855190596,1.3645483807231515,1.5881748845702586,-0.23691322194207332,-0.36560756420240964,-0.25720634659801117,-0.10391457649280908,-1.1712209853758033,0.8164471277227036,-1.2453513680294437,-1.3292936544937617,1.2722824167309879,-1.0020020040060118,-0.4250147577130797,-0.42665336858709313,1.8231975204520983
344,0.735587486768073,0.9920317455237933,0.7262046753559086,0.12742382884359435,-0.8648754667077224,-0.23691322194207332,0.05080196222402497,0.31563629615925193,-0.10391457649280908,0.2711693907027721,-0.8396322388547883,0.5166058589505277,-1.3292936544937617,-1.148806863442157,-1.0020020040060118,-0.4250147577130797,-0.42665336858709313,-1.3961035751078161
345,0.735587486768073,-1.0080322575483704,0.14253269709203736,0.12742382884359435,-1.5657469956442884,-0.7891584945343187,-1.1984266170552789,-0.8300489893552743,-0.10391457649280908,0.2711693907027721,-1.391658694380619,-0.18817703184146087,1.36522051002062,1.2722824167309879,0.9980019960059882,-0.4250147577130797,-0.42665336858709313,1.8231975204520983
346,-0.3387856681999019,0.9920317455237933,1.6600798405781025,1.3645483807231515,-1.5657469956442884,-0.23691322194207332,0.4672114886504596,0.888478938916515,1.2456253779592577,-1.1712209853758033,-0.8396322388547883,0.868997304346522,-0.43112226632230105,1.2722824167309879,0.9980019960059882,-0.4250147577130797,2.3438230508096156,-0.32300320992117804
347,-0.3387856681999019,0.9920317455237933,0.37600148839758585,0.12742382884359435,0.8873033556336926,0.3153320506501721,0.05080196222402497,-0.25720634659801117,1.2456253779592577,0.2711693907027721,-1.391658694380619,-0.18817703184146087,-0.43112226632230105,-1.148806863442157,0.9980019960059882,-0.4250147577130797,-0.42665336858709313,1.8231975204520983
348,-0.6969100531892269,-1.0080322575483704,-0.20767048986628536,0.12742382884359435,-1.2153112311760055,-0.7891584945343187,-1.1984266170552789,-0.8300489893552743,-0.10391457649280908,-1.1712209853758033,0.8164471277227036,-0.8929599226334495,0.4670491218491595,0.06173777664441539,0.9980019960059882,-0.4250147577130797,2.3438230508096156,-0.32300320992117804
349,0.377463101778748,-1.0080322575483704,0.959673466661457,-0.4911384470961842,1.5881748845702586,0.8675773232424175,0.4672114886504596,-0.25720634659801117,-0.10391457649280908,1.7135597667813476,0.26442067219687293,1.2213887497425162,-0.43112226632230105,-1.148806863442157,-1.0020020040060118,-0.4250147577130797,-0.42665336858709313,0.7500971552654602
350,0.377463101778748,-1.0080322575483704,0.4927358840503601,1.3645483807231515,0.8873033556336926,-0.7891584945343187,1.7164400679297633,3.1798495099455675,1.2456253779592577,1.7135597667813476,1.3684735832485342,-0.8929599226334495,1.36522051002062,0.06173777664441539,-1.0020020040060118,-0.4250147577130797,2.3438230508096156,-0.32300320992117804
351,2.1680850267253726,0.9920317455237933,-0.09093609421351112,-0.4911384470961842,0.18643182669712655,-0.7891584945343187,-0.7820170906288442,-0.25720634659801117,-0.10391457649280908,0.2711693907027721,1.3684735832485342,0.1642144135545334,0.4670491218491595,1.2722824167309879,-1.0020020040060118,-0.4250147577130797,-0.42665336858709313,1.8231975204520983
352,-0.6969100531892269,-1.0080322575483704,1.5433454449253283,1.3645483807231515,1.5881748845702586,-0.7891584945343187,-1.1984266170552789,-0.8300489893552743,-0.10391457649280908,0.2711693907027721,0.8164471277227036,1.5737801951385104,0.4670491218491595,0.06173777664441539,0.9980019960059882,-0.4250147577130797,-0.42665336858709313,-1.3961035751078161
353,-0.6969100531892269,-1.0080322575483704,0.37600148839758585,-0.4911384470961842,0.5368675911654095,0.8675773232424175,0.4672114886504596,-0.25720634659801117,-0.10391457649280908,1.7135597667813476,1.3684735832485342,0.5166058589505277,-0.43112226632230105,0.06173777664441539,0.9980019960059882,-0.4250147577130797,-0.42665336858709313,-0.32300320992117804
354,-1.7712832081572016,0.9920317455237933,0.8429390710086828,-1.7282629989757414,-0.8648754667077224,-0.7891584945343187,-0.7820170906288442,-0.25720634659801117,1.2456253779592577,-1.1712209853758033,-0.2876057833289577,-0.18817703184146087,0.4670491218491595,1.2722824167309879,-1.0020020040060118,-0.4250147577130797,-0.42665336858709313,-1.3961035751078161
355,0.01933871678942301,-1.0080322575483704,1.1931422579670057,0.7459861047833729,0.8873033556336926,-0.7891584945343187,-1.1984266170552789,-0.8300489893552743,-0.10391457649280908,0.2711693907027721,0.8164471277227036,0.868997304346522,-0.43112226632230105,1.2722824167309879,-1.0020020040060118,-0.4250147577130797,2.3438230508096156,0.7500971552654602
356,-1.055034438178552,-1.0080322575483704,-1.7252176333523506,0.12742382884359435,1.5881748845702586,-0.23691322194207332,-0.36560756420240964,-0.25720634659801117,-0.10391457649280908,0.2711693907027721,1.3684735832485342,0.1642144135545334,-1.3292936544937617,0.06173777664441539,0.9980019960059882,-0.4250147577130797,2.3438230508096156,1.8231975204520983
357,1.451836256746723,0.9920317455237933,-1.024811259435705,-1.7282629989757414,0.5368675911654095,-0.23691322194207332,-0.7820170906288442,-0.8300489893552743,1.2456253779592577,0.2711693907027721,0.8164471277227036,0.868997304346522,0.4670491218491595,1.2722824167309879,-1.0020020040060118,-0.4250147577130797,2.3438230508096156,-1.3961035751078161
358,-0.6969100531892269,0.9920317455237933,1.426611049272554,1.3645483807231515,-1.2153112311760055,-0.7891584945343187,0.05080196222402497,0.888478938916515,1.2456253779592577,-1.1712209853758033,-0.8396322388547883,-0.8929599226334495,-1.3292936544937617,1.2722824167309879,-1.0020020040060118,-0.4250147577130797,-0.42665336858709313,1.8231975204520983
359,-0.6969100531892269,0.9920317455237933,1.30987665361978,0.7459861047833729,-0.5144397022394394,-0.23691322194207332,-0.36560756420240964,-0.25720634659801117,1.2456253779592577,0.2711693907027721,1.3684735832485342,0.1642144135545334,0.4670491218491595,-1.148806863442157,-1.0020020040060118,-0.4250147577130797,-0.42665336858709313,0.7500971552654602
360,0.377463101778748,0.9920317455237933,-1.2582800507412535,0.12742382884359435,-0.8648754667077224,-0.7891584945343187,0.4672114886504596,1.4613215816737781,1.2456253779592577,-1.1712209853758033,1.3684735832485342,-0.5405684772374552,0.4670491218491595,0.06173777664441539,0.9980019960059882,2.352859475705742,-0.42665336858709313,1.8231975204520983
361,0.735587486768073,0.9920317455237933,1.426611049272554,0.7459861047833729,1.2377391201019754,1.9720678684269082,1.7164400679297633,0.31563629615925193,-1.4534545309448759,-1.1712209853758033,1.3684735832485342,1.5737801951385104,0.4670491218491595,-1.148806863442157,0.9980019960059882,-0.4250147577130797,-0.42665336858709313,0.7500971552654602
362,0.01933871678942301,-1.0080322575483704,-1.6084832376995764,1.3645483807231515,-1.2153112311760055,-0.23691322194207332,-0.36560756420240964,-0.25720634659801117,-0.10391457649280908,0.2711693907027721,1.3684735832485342,-1.2453513680294437,0.4670491218491595,-1.148806863442157,-1.0020020040060118,-0.4250147577130797,-0.42665336858709313,-1.3961035751078161
363,0.377463101778748,-1.0080322575483704,1.1931422579670057,0.7459861047833729,0.18643182669712655,2.5243131410191535,1.7164400679297633,-0.25720634659801117,1.2456253779592577,1.7135597667813476,0.26442067219687293,-0.18817703184146087,-1.3292936544937617,1.2722824167309879,-1.0020020040060118,-0.4250147577130797,-0.42665336858709313,-0.32300320992117804
364,1.093711871757398,0.9920317455237933,-1.7252176333523506,0.7459861047833729,0.18643182669712655,0.3153320506501721,-0.36560756420240964,-0.8300489893552743,-0.10391457649280908,-1.1712209853758033,-0.8396322388547883,0.1642144135545334,-0.43112226632230105,1.2722824167309879,-1.0020020040060118,-0.4250147577130797,-0.42665336858709313,0.7500971552654602
365,-0.6969100531892269,0.9920317455237933,-0.4411392811718339,-1.1097007230359628,1.5881748845702586,-0.7891584945343187,0.4672114886504596,1.4613215816737781,-1.4534545309448759,-1.1712209853758033,0.8164471277227036,-0.18817703184146087,0.4670491218491595,1.2722824167309879,0.9980019960059882,2.352859475705742,-0.42665336858709313,0.7500971552654602
366,-1.4131588231678769,0.9920317455237933,1.6600798405781025,0.12742382884359435,-0.5144397022394394,0.3153320506501721,-0.36560756420240964,-0.8300489893552743,-0.10391457649280908,0.2711693907027721,0.8164471277227036,0.868997304346522,1.36522051002062,-1.148806863442157,0.9980019960059882,-0.4250147577130797,-0.42665336858709313,-1.3961035751078161
367,-0.3387856681999019,0.9920317455237933,0.959673466661457,1.3645483807231515,-0.5144397022394394,-0.23691322194207332,0.4672114886504596,0.888478938916515,-0.10391457649280908,-1.1712209853758033,1.3684735832485342,-0.5405684772374552,0.4670491218491595,0.06173777664441539,0.9980019960059882,-0.4250147577130797,-0.42665336858709313,0.7500971552654602
368,-1.7712832081572016,0.9920317455237933,1.5433454449253283,0.7459861047833729,-1.2153112311760055,-0.23691322194207332,-0.7820170906288442,-0.8300489893552743,-0.10391457649280908,0.2711693907027721,-0.2876057833289577,-0.18817703184146087,1.36522051002062,0.06173777664441539,0.9980019960059882,-0.4250147577130797,2.3438230508096156,0.7500971552654602
369,-0.6969100531892269,-1.0080322575483704,1.5433454449253283,0.7459861047833729,-0.5144397022394394,-0.7891584945343187,-1.1984266170552789,-0.8300489893552743,-0.10391457649280908,0.2711693907027721,0.26442067219687293,-0.18817703184146087,-1.3292936544937617,0.06173777664441539,-1.0020020040060118,-0.4250147577130797,2.3438230508096156,-1.3961035751078161
370,0.01933871678942301,-1.0080322575483704,-0.09093609421351112,0.7459861047833729,-0.8648754667077224,0.3153320506501721,0.05080196222402497,-0.25720634659801117,-0.10391457649280908,0.2711693907027721,-0.2876057833289577,-0.18817703184146087,-1.3292936544937617,0.06173777664441539,-1.0020020040060118,-0.4250147577130797,-0.42665336858709313,0.7500971552654602
371,1.093711871757398,-1.0080322575483704,1.5433454449253283,0.7459861047833729,1.5881748845702586,3.076558413611399,1.7164400679297633,-0.8300489893552743,-0.10391457649280908,1.7135597667813476,-0.8396322388547883,0.1642144135545334,0.4670491218491595,0.06173777664441539,0.9980019960059882,-0.4250147577130797,-0.42665336858709313,-1.3961035751078161
372,0.01933871678942301,-1.0080322575483704,0.25926709274481163,0.12742382884359435,-0.16400393777115643,-0.7891584945343187,-0.7820170906288442,-0.25720634659801117,1.2456253779592577,0.2711693907027721,-1.391658694380619,0.868997304346522,-0.43112226632230105,-1.148806863442157,-1.0020020040060118,-0.4250147577130797,-0.42665336858709313,-1.3961035751078161
373,0.01933871678942301,0.9920317455237933,0.14253269709203736,-1.1097007230359628,-0.8648754667077224,-0.7891584945343187,-1.1984266170552789,-0.8300489893552743,-0.10391457649280908,-1.1712209853758033,-1.391658694380619,0.868997304346522,1.36522051002062,0.06173777664441539,0.9980019960059882,-0.4250147577130797,-0.42665336858709313,-1.3961035751078161
374,-1.055034438178552,-1.0080322575483704,-1.1415456550884793,-1.7282629989757414,0.18643182669712655,-0.23691322194207332,0.05080196222402497,0.31563629615925193,-0.10391457649280908,0.2711693907027721,0.26442067219687293,-1.2453513680294437,1.36522051002062,0.06173777664441539,0.9980019960059882,-0.4250147577130797,-0.42665336858709313,0.7500971552654602
375,0.01933871678942301,-1.0080322575483704,1.0764078623142312,-1.1097007230359628,0.5368675911654095,-0.23691322194207332,0.4672114886504596,0.888478938916515,-0.10391457649280908,0.2711693907027721,-0.8396322388547883,-0.18817703184146087,-0.43112226632230105,0.06173777664441539,0.9980019960059882,-0.4250147577130797,-0.42665336858709313,0.7500971552654602
376,-1.055034438178552,0.9920317455237933,1.0764078623142312,0.7459861047833729,-0.16400393777115643,-0.7891584945343187,-0.7820170906288442,-0.25720634659801117,-0.10391457649280908,-1.1712209853758033,0.26442067219687293,-0.18817703184146087,-1.3292936544937617,-1.148806863442157,-1.0020020040060118,-0.4250147577130797,-0.42665336858709313,1.8231975204520983
377,1.093711871757398,0.9920317455237933,1.6600798405781025,-1.1097007230359628,0.5368675911654095,-0.23691322194207332,-0.7820170906288442,-0.8300489893552743,-0.10391457649280908,0.2711693907027721,0.8164471277227036,-0.5405684772374552,0.4670491218491595,0.06173777664441539,0.9980019960059882,2.352859475705742,-0.42665336858709313,0.7500971552654602
378,1.8099606417360476,0.9920317455237933,1.426611049272554,1.3645483807231515,-1.5657469956442884,-0.7891584945343187,-0.7820170906288442,-0.25720634659801117,-1.4534545309448759,0.2711693907027721,-0.8396322388547883,0.5166058589505277,1.36522051002062,1.2722824167309879,0.9980019960059882,-0.4250147577130797,-0.42665336858709313,0.7500971552654602
379,0.735587486768073,0.9920317455237933,-0.3244048855190596,0.12742382884359435,-1.2153112311760055,-0.7891584945343187,-0.7820170906288442,-0.25720634659801117,-0.10391457649280908,0.2711693907027721,-0.2876057833289577,-0.5405684772374552,0.4670491218491595,0.06173777664441539,-1.0020020040060118,-0.4250147577130797,-0.42665336858709313,0.7500971552654602
380,0.735587486768073,0.9920317455237933,-0.20767048986628536,0.7459861047833729,-0.16400393777115643,2.5243131410191535,2.132849594356198,0.31563629615925193,-1.4534545309448759,-1.1712209853758033,0.26442067219687293,0.868997304346522,0.4670491218491595,1.2722824167309879,-1.0020020040060118,-0.4250147577130797,-0.42665336858709313,-1.3961035751078161
381,-1.055034438178552,-1.0080322575483704,1.30987665361978,0.7459861047833729,-0.5144397022394394,-0.7891584945343187,-0.7820170906288442,-0.25720634659801117,-1.4534545309448759,1.7135597667813476,-0.2876057833289577,1.5737801951385104,-1.3292936544937617,0.06173777664441539,0.9980019960059882,-0.4250147577130797,-0.42665336858709313,1.8231975204520983
382,0.377463101778748,0.9920317455237933,0.4927358840503601,-1.1097007230359628,1.2377391201019754,0.8675773232424175,0.05080196222402497,-0.8300489893552743,-0.10391457649280908,1.7135597667813476,-0.2876057833289577,0.868997304346522,-0.43112226632230105,0.06173777664441539,0.9980019960059882,2.352859475705742,2.3438230508096156,-0.32300320992117804
383,0.01933871678942301,-1.0080322575483704,0.025798301439263118,0.7459861047833729,1.2377391201019754,1.4198225958346629,1.3000305415033289,0.31563629615925193,-0.10391457649280908,-1.1712209853758033,-0.2876057833289577,0.868997304346522,1.36522051002062,1.2722824167309879,0.9980019960059882,2.352859475705742,-0.42665336858709313,-0.32300320992117804
384,-0.6969100531892269,-1.0080322575483704,1.5433454449253283,1.3645483807231515,1.2377391201019754,1.4198225958346629,0.4672114886504596,-0.8300489893552743,-0.10391457649280908,1.7135597667813476,-1.391658694380619,0.1642144135545334,-0.43112226632230105,0.06173777664441539,0.9980019960059882,-0.4250147577130797,-0.42665336858709313,-0.32300320992117804
385,-0.6969100531892269,0.9920317455237933,0.959673466661457,-1.1097007230359628,-0.5144397022394394,-0.7891584945343187,0.05080196222402497,0.888478938916515,1.2456253779592577,0.2711693907027721,0.8164471277227036,-0.5405684772374552,0.4670491218491595,-1.148806863442157,0.9980019960059882,-0.4250147577130797,-0.42665336858709313,0.7500971552654602
386,0.01933871678942301,-1.0080322575483704,0.6094702797031344,1.3645483807231515,1.2377391201019754,0.8675773232424175,0.8836210150768942,0.31563629615925193,-0.10391457649280908,0.2711693907027721,0.8164471277227036,1.5737801951385104,-0.43112226632230105,0.06173777664441539,-1.0020020040060118,-0.4250147577130797,-0.42665336858709313,-0.32300320992117804
387,0.377463101778748,0.9920317455237933,-1.6084832376995764,1.3645483807231515,0.18643182669712655,-0.7891584945343187,-0.7820170906288442,-0.25720634659801117,-0.10391457649280908,-1.1712209853758033,-1.391658694380619,0.5166058589505277,-1.3292936544937617,0.06173777664441539,0.9980019960059882,-0.4250147577130797,-0.42665336858709313,0.7500971552654602
388,-0.3387856681999019,0.9920317455237933,1.5433454449253283,1.3645483807231515,0.8873033556336926,-0.7891584945343187,-0.7820170906288442,-0.25720634659801117,-1.4534545309448759,0.2711693907027721,0.8164471277227036,-1.2453513680294437,1.36522051002062,-1.148806863442157,0.9980019960059882,-0.4250147577130797,-0.42665336858709313,0.7500971552654602
389,0.377463101778748,-1.0080322575483704,1.30987665361978,-1.7282629989757414,1.5881748845702586,3.076558413611399,1.7164400679297633,-0.8300489893552743,1.2456253779592577,0.2711693907027721,0.8164471277227036,0.1642144135545334,0.4670491218491595,0.06173777664441539,-1.0020020040060118,-0.4250147577130797,-0.42665336858709313,0.7500971552654602
390,0.377463101778748,-1.0080322575483704,-0.6746080724773823,-1.7282629989757414,-1.2153112311760055,1.4198225958346629,0.4672114886504596,-0.8300489893552743,-0.10391457649280908,0.2711693907027721,0.8164471277227036,0.1642144135545334,1.36522051002062,1.2722824167309879,-1.0020020040060118,-0.4250147577130797,-0.42665336858709313,-1.3961035751078161
391,0.01933871678942301,0.9920317455237933,-0.20767048986628536,1.3645483807231515,0.18643182669712655,-0.7891584945343187,0.05080196222402497,0.888478938916515,-1.4534545309448759,0.2711693907027721,0.26442067219687293,1.2213887497425162,0.4670491218491595,-1.148806863442157,-1.0020020040060118,-0.4250147577130797,-0.42665336858709313,0.7500971552654602
392,1.451836256746723,-1.0080322575483704,-0.4411392811718339,0.7459861047833729,-0.16400393777115643,-0.7891584945343187,-0.7820170906288442,-0.25720634659801117,1.2456253779592577,-1.1712209853758033,-0.2876057833289577,-1.597742813425438,-1.3292936544937617,0.06173777664441539,-1.0020020040060118,2.352859475705742,-0.42665336858709313,-0.32300320992117804
393,-0.6969100531892269,-1.0080322575483704,-0.09093609421351112,-0.4911384470961842,-1.2153112311760055,-0.7891584945343187,-1.1984266170552789,-0.8300489893552743,1.2456253779592577,0.2711693907027721,-1.391658694380619,-0.18817703184146087,0.4670491218491595,-1.148806863442157,0.9980019960059882,2.352859475705742,-0.42665336858709313,-1.3961035751078161
394,0.377463101778748,-1.0080322575483704,-0.3244048855190596,1.3645483807231515,-0.8648754667077224,-0.7891584945343187,-1.1984266170552789,-0.8300489893552743,-0.10391457649280908,0.2711693907027721,0.8164471277227036,1.5737801951385104,-0.43112226632230105,0.06173777664441539,-1.0020020040060118,-0.4250147577130797,-0.42665336858709313,0.7500971552654602
395,1.8099606417360476,-1.0080322575483704,0.7262046753559086,-1.1097007230359628,-0.8648754667077224,1.4198225958346629,1.3000305415033289,0.31563629615925193,-0.10391457649280908,-1.1712209853758033,0.26442067219687293,0.1642144135545334,-1.3292936544937617,1.2722824167309879,0.9980019960059882,2.352859475705742,-0.42665336858709313,1.8231975204520983
396,0.01933871678942301,0.9920317455237933,-0.4411392811718339,-0.4911384470961842,-1.2153112311760055,-0.7891584945343187,-0.7820170906288442,-0.25720634659801117,-0.10391457649280908,0.2711693907027721,0.8164471277227036,-1.597742813425438,-1.3292936544937617,0.06173777664441539,0.9980019960059882,-0.4250147577130797,-0.42665336858709313,-0.32300320992117804
397,-1.4131588231678769,0.9920317455237933,1.0764078623142312,0.7459861047833729,-1.5657469956442884,-0.7891584945343187,-0.36560756420240964,0.31563629615925193,-0.10391457649280908,-1.1712209853758033,0.26442067219687293,1.2213887497425162,-0.43112226632230105,0.06173777664441539,-1.0020020040060118,-0.4250147577130797,-0.42665336858709313,-1.3961035751078161
398,0.377463101778748,0.9920317455237933,-0.9080768637829308,-0.4911384470961842,-1.5657469956442884,2.5243131410191535,1.3000305415033289,-0.8300489893552743,-0.10391457649280908,0.2711693907027721,-0.8396322388547883,1.2213887497425162,1.36522051002062,0.06173777664441539,-1.0020020040060118,-0.4250147577130797,-0.42665336858709313,0.7500971552654602
399,0.735587486768073,-1.0080322575483704,1.0764078623142312,0.12742382884359435,0.8873033556336926,-0.23691322194207332,0.05080196222402497,0.31563629615925193,-1.4534545309448759,1.7135597667813476,0.8164471277227036,-0.18817703184146087,-0.43112226632230105,-1.148806863442157,-1.0020020040060118,-0.4250147577130797,-0.42665336858709313,-0.32300320992117804
400,-1.4131588231678769,0.9920317455237933,-1.7252176333523506,0.12742382884359435,-0.5144397022394394,0.3153320506501721,-0.36560756420240964,-0.8300489893552743,1.2456253779592577,0.2711693907027721,-0.2876057833289577,-1.597742813425438,-1.3292936544937617,1.2722824167309879,-1.0020020040060118,-0.4250147577130797,-0.42665336858709313,0.7500971552654602
401,-1.4131588231678769,0.9920317455237933,-0.4411392811718339,0.7459861047833729,1.5881748845702586,-0.23691322194207332,-0.7820170906288442,-0.8300489893552743,-1.4534545309448759,0.2711693907027721,0.8164471277227036,1.5737801951385104,0.4670491218491595,0.06173777664441539,-1.0020020040060118,2.352859475705742,-0.42665336858709313,1.8231975204520983
402,-1.7712832081572016,-1.0080322575483704,-1.7252176333523506,-1.1097007230359628,0.5368675911654095,-0.7891584945343187,-0.7820170906288442,-0.25720634659801117,-1.4534545309448759,1.7135597667813476,-0.8396322388547883,-0.5405684772374552,0.4670491218491595,-1.148806863442157,-1.0020020040060118,-0.4250147577130797,-0.42665336858709313,-1.3961035751078161
403,-0.3387856681999019,-1.0080322575483704,-0.20767048986628536,0.12742382884359435,1.2377391201019754,-0.23691322194207332,-0.36560756420240964,-0.25720634659801117,1.2456253779592577,0.2711693907027721,-0.8396322388547883,1.2213887497425162,-1.3292936544937617,1.2722824167309879,0.9980019960059882,-0.4250147577130797,2.3438230508096156,1.8231975204520983
404,0.01933871678942301,0.9920317455237933,-0.7913424681301566,1.3645483807231515,0.8873033556336926,-0.7891584945343187,0.8836210150768942,2.0341642244310414,-1.4534545309448759,-1.1712209853758033,-0.2876057833289577,1.2213887497425162,-1.3292936544937617,1.2722824167309879,-1.0020020040060118,2.352859475705742,2.3438230508096156,-0.32300320992117804
405,0.377463101778748,-1.0080322575483704,0.25926709274481163,-1.1097007230359628,0.8873033556336926,2.5243131410191535,1.7164400679297633,-0.25720634659801117,-1.4534545309448759,0.2711693907027721,1.3684735832485342,1.2213887497425162,0.4670491218491595,1.2722824167309879,-1.0020020040060118,-0.4250147577130797,-0.42665336858709313,-0.32300320992117804
406,-1.4131588231678769,0.9920317455237933,-0.5578736768246081,0.7459861047833729,0.8873033556336926,-0.23691322194207332,-0.36560756420240964,-0.25720634659801117,-0.10391457649280908,0.2711693907027721,-1.391658694380619,-1.597742813425438,-0.43112226632230105,-1.148806863442157,-1.0020020040060118,2.352859475705742,-0.42665336858709313,-0.32300320992117804
407,1.451836256746723,-1.0080322575483704,0.959673466661457,0.7459861047833729,-1.2153112311760055,1.4198225958346629,0.4672114886504596,-0.8300489893552743,-0.10391457649280908,0.2711693907027721,0.8164471277227036,0.1642144135545334,-0.43112226632230105,-1.148806863442157,-1.0020020040060118,-0.4250147577130797,-0.42665336858709313,-0.32300320992117804
408,-1.055034438178552,-1.0080322575483704,0.14253269709203736,0.12742382884359435,-1.2153112311760055,-0.7891584945343187,-0.36560756420240964,0.31563629615925193,-0.10391457649280908,0.2711693907027721,-0.8396322388547883,0.1642144135545334,-1.3292936544937617,1.2722824167309879,0.9980019960059882,-0.4250147577130797,-0.42665336858709313,0.7500971552654602
409,1.451836256746723,-1.0080322575483704,0.6094702797031344,0.12742382884359435,-1.5657469956442884,0.8675773232424175,1.7164400679297633,1.4613215816737781,1.2456253779592577,0.2711693907027721,-0.8396322388547883,-1.2453513680294437,0.4670491218491595,-1.148806863442157,-1.0020020040060118,-0.4250147577130797,-0.42665336858709313,-1.3961035751078161
410,-0.6969100531892269,-1.0080322575483704,-1.1415456550884793,0.7459861047833729,-1.2153112311760055,-0.23691322194207332,0.05080196222402497,0.31563629615925193,-0.10391457649280908,1.7135597667813476,1.3684735832485342,1.2213887497425162,-0.43112226632230105,-1.148806863442157,-1.0020020040060118,-0.4250147577130797,-0.42665336858709313,-0.32300320992117804
411,1.8099606417360476,-1.0080322575483704,-1.375014446394028,1.3645483807231515,-0.16400393777115643,-0.7891584945343187,-1.1984266170552789,-0.8300489893552743,-0.10391457649280908,0.2711693907027721,0.8164471277227036,-0.5405684772374552,-1.3292936544937617,0.06173777664441539,-1.0020020040060118,-0.4250147577130797,-0.42665336858709313,0.7500971552654602
412,0.377463101778748,0.9920317455237933,1.1931422579670057,1.3645483807231515,-0.16400393777115643,-0.7891584945343187,-0.36560756420240964,0.31563629615925193,1.2456253779592577,0.2711693907027721,1.3684735832485342,0.1642144135545334,0.4670491218491595,1.2722824167309879,-1.0020020040060118,2.352859475705742,-0.42665336858709313,-1.3961035751078161
413,1.451836256746723,0.9920317455237933,1.30987665361978,1.3645483807231515,0.5368675911654095,-0.7891584945343187,0.05080196222402497,0.888478938916515,-1.4534545309448759,0.2711693907027721,-1.391658694380619,-1.597742813425438,0.4670491218491595,1.2722824167309879,0.9980019960059882,-0.4250147577130797,-0.42665336858709313,-0.32300320992117804
414,-1.7712832081572016,-1.0080322575483704,-1.2582800507412535,-1.1097007230359628,-1.5657469956442884,-0.7891584945343187,-0.7820170906288442,-0.25720634659801117,1.2456253779592577,1.7135597667813476,0.26442067219687293,-0.5405684772374552,0.4670491218491595,-1.148806863442157,0.9980019960059882,-0.4250147577130797,-0.42665336858709313,-0.32300320992117804
415,-0.3387856681999019,-1.0080322575483704,-0.3244048855190596,-0.4911384470961842,-1.5657469956442884,-0.7891584945343187,-1.1984266170552789,-0.8300489893552743,-0.10391457649280908,-1.1712209853758033,0.26442067219687293,0.868997304346522,0.4670491218491595,0.06173777664441539,0.9980019960059882,-0.4250147577130797,-0.42665336858709313,-0.32300320992117804
416,1.093711871757398,0.9920317455237933,-0.6746080724773823,-0.4911384470961842,0.18643182669712655,3.6288036862036446,2.132849594356198,-0.8300489893552743,-0.10391457649280908,-1.1712209853758033,1.3684735832485342,-0.5405684772374552,1.36522051002062,-1.148806863442157,-1.0020020040060118,-0.4250147577130797,2.3438230508096156,-0.32300320992117804
417,0.01933871678942301,-1.0080322575483704,1.1931422579670057,1.3645483807231515,-0.5144397022394394,-0.7891584945343187,-0.7820170906288442,-0.25720634659801117,-1.4534545309448759,0.2711693907027721,-0.2876057833289577,-0.8929599226334495,1.36522051002062,0.06173777664441539,0.9980019960059882,-0.4250147577130797,-0.42665336858709313,0.7500971552654602
418,-1.7712832081572016,-1.0080322575483704,-0.3244048855190596,-0.4911384470961842,-0.16400393777115643,-0.7891584945343187,-1.1984266170552789,-0.8300489893552743,1.2456253779592577,0.2711693907027721,-1.391658694380619,-0.18817703184146087,0.4670491218491595,0.06173777664441539,0.9980019960059882,-0.4250147577130797,2.3438230508096156,-0.32300320992117804
419,-0.3387856681999019,-1.0080322575483704,-0.4411392811718339,1.3645483807231515,0.8873033556336926,-0.7891584945343187,-1.1984266170552789,-0.8300489893552743,-1.4534545309448759,1.7135597667813476,1.3684735832485342,0.868997304346522,0.4670491218491595,1.2722824167309879,-1.0020020040060118,-0.4250147577130797,-0.42665336858709313,1.8231975204520983
420,-0.3387856681999019,-1.0080322575483704,1.0764078623142312,-1.7282629989757414,-0.8648754667077224,1.4198225958346629,0.4672114886504596,-0.8300489893552743,-0.10391457649280908,0.2711693907027721,0.26442067219687293,0.868997304346522,1.36522051002062,1.2722824167309879,0.9980019960059882,-0.4250147577130797,-0.42665336858709313,-1.3961035751078161
421,0.735587486768073,0.9920317455237933,1.1931422579670057,-1.7282629989757414,-0.5144397022394394,-0.7891584945343187,-1.1984266170552789,-0.8300489893552743,1.2456253779592577,1.7135597667813476,0.26442067219687293,-0.5405684772374552,-0.43112226632230105,0.06173777664441539,-1.0020020040060118,-0.4250147577130797,2.3438230508096156,-1.3961035751078161
422,1.8099606417360476,0.9920317455237933,-0.6746080724773823,-1.1097007230359628,-1.2153112311760055,-0.7891584945343187,-0.7820170906288442,-0.25720634659801117,-0.10391457649280908,0.2711693907027721,0.8164471277227036,-0.5405684772374552,-0.43112226632230105,-1.148806863442157,0.9980019960059882,-0.4250147577130797,-0.42665336858709313,-0.32300320992117804
423,0.735587486768073,-1.0080322575483704,-0.09093609421351112,0.7459861047833729,-1.2153112311760055,1.4198225958346629,1.3000305415033289,0.31563629615925193,-1.4534545309448759,0.2711693907027721,-0.8396322388547883,-0.18817703184146087,0.4670491218491595,0.06173777664441539,0.9980019960059882,2.352859475705742,2.3438230508096156,-0.32300320992117804
424,0.01933871678942301,-1.0080322575483704,0.37600148839758585,0.7459861047833729,0.5368675911654095,0.8675773232424175,0.4672114886504596,-0.25720634659801117,-0.10391457649280908,1.7135597667813476,1.3684735832485342,0.1642144135545334,1.36522051002062,0.06173777664441539,0.9980019960059882,2.352859475705742,-0.42665336858709313,0.7500971552654602
425,-1.4131588231678769,0.9920317455237933,-0.20767048986628536,0.7459861047833729,1.2377391201019754,-0.7891584945343187,-0.7820170906288442,-0.25720634659801117,-1.4534545309448759,0.2711693907027721,-0.2876057833289577,0.868997304346522,0.4670491218491595,-1.148806863442157,-1.0020020040060118,-0.4250147577130797,-0.42665336858709313,-1.3961035751078161
426,1.093711871757398,0.9920317455237933,-1.2582800507412535,0.12742382884359435,0.5368675911654095,0.8675773232424175,0.05080196222402497,-0.8300489893552743,1.2456253779592577,-1.1712209853758033,-0.2876057833289577,-1.597742813425438,-1.3292936544937617,1.2722824167309879,-1.0020020040060118,-0.4250147577130797,2.3438230508096156,0.7500971552654602
427,0.735587486768073,-1.0080322575483704,0.025798301439263118,0.7459861047833729,1.5881748845702586,-0.7891584945343187,-1.1984266170552789,-0.8300489893552743,1.2456253779592577,-1.1712209853758033,-0.2876057833289577,-1.597742813425438,1.36522051002062,1.2722824167309879,0.9980019960059882,-0.4250147577130797,-0.42665336858709313,1.8231975204520983
428,-1.7712832081572016,-1.0080322575483704,-1.7252176333523506,1.3645483807231515,1.2377391201019754,-0.7891584945343187,-1.1984266170552789,-0.8300489893552743,-0.10391457649280908,0.2711693907027721,-1.391658694380619,1.2213887497425162,0.4670491218491595,-1.148806863442157,-1.0020020040060118,-0.4250147577130797,-0.42665336858709313,-1.3961035751078161
429,0.735587486768073,0.9920317455237933,-1.1415456550884793,0.7459861047833729,1.5881748845702586,-0.7891584945343187,-0.7820170906288442,-0.25720634659801117,-0.10391457649280908,-1.1712209853758033,0.26442067219687293,-1.2453513680294437,-1.3292936544937617,1.2722824167309879,0.9980019960059882,-0.4250147577130797,-0.42665336858709313,-1.3961035751078161
430,-1.4131588231678769,-1.0080322575483704,-0.6746080724773823,-1.1097007230359628,-1.5657469956442884,-0.7891584945343187,-0.7820170906288442,-0.25720634659801117,-0.10391457649280908,0.2711693907027721,0.8164471277227036,-0.8929599226334495,-1.3292936544937617,-1.148806863442157,0.9980019960059882,-0.4250147577130797,2.3438230508096156,0.7500971552654602
431,-1.7712832081572016,-1.0080322575483704,-0.5578736768246081,0.12742382884359435,-1.2153112311760055,-0.7891584945343187,-1.1984266170552789,-0.8300489893552743,1.2456253779592577,0.2711693907027721,-1.391658694380619,-0.18817703184146087,1.36522051002062,0.06173777664441539,0.9980019960059882,-0.4250147577130797,-0.42665336858709313,-0.32300320992117804
432,-1.7712832081572016,-1.0080322575483704,0.4927358840503601,0.12742382884359435,-0.5144397022394394,-0.7891584945343187,-1.1984266170552789,-0.8300489893552743,1.2456253779592577,0.2711693907027721,1.3684735832485342,-1.597742813425438,0.4670491218491595,-1.148806863442157,0.9980019960059882,2.352859475705742,-0.42665336858709313,-0.32300320992117804
433,-0.3387856681999019,-1.0080322575483704,-1.6084832376995764,0.7459861047833729,-0.16400393777115643,0.3153320506501721,0.8836210150768942,0.888478938916515,-0.10391457649280908,-1.1712209853758033,0.8164471277227036,-0.5405684772374552,-0.43112226632230105,1.2722824167309879,0.9980019960059882,-0.4250147577130797,-0.42665336858709313,-1.3961035751078161
434,-0.6969100531892269,-1.0080322575483704,-0.5578736768246081,1.3645483807231515,0.18643182669712655,-0.7891584945343187,-0.7820170906288442,-0.25720634659801117,1.2456253779592577,0.2711693907027721,-0.2876057833289577,-0.5405684772374552,-0.43112226632230105,1.2722824167309879,-1.0020020040060118,-0.4250147577130797,2.3438230508096156,-0.32300320992117804
435,-1.7712832081572016,0.9920317455237933,0.8429390710086828,-0.4911384470961842,-0.8648754667077224,-0.7891584945343187,-0.7820170906288442,-0.25720634659801117,-1.4534545309448759,0.2711693907027721,1.3684735832485342,-0.18817703184146087,0.4670491218491595,0.06173777664441539,0.9980019960059882,-0.4250147577130797,-0.42665336858709313,0.7500971552654602
436,-1.055034438178552,0.9920317455237933,0.14253269709203736,0.7459861047833729,-0.5144397022394394,-0.23691322194207332,-0.7820170906288442,-0.8300489893552743,-0.10391457649280908,-1.1712209853758033,1.3684735832485342,1.5737801951385104,0.4670491218491595,-1.148806863442157,0.9980019960059882,-0.4250147577130797,-0.42665336858709313,-1.3961035751078161
437,2.1680850267253726,0.9920317455237933,0.4927358840503601,1.3645483807231515,0.5368675911654095,0.8675773232424175,0.8836210150768942,0.31563629615925193,-0.10391457649280908,0.2711693907027721,-1.391658694380619,0.868997304346522,1.36522051002062,-1.148806863442157,-1.0020020040060118,-0.4250147577130797,-0.42665336858709313,1.8231975204520983
438,-1.055034438178552,-1.0080322575483704,-0.6746080724773823,-1.7282629989757414,-1.2153112311760055,0.3153320506501721,-0.36560756420240964,-0.8300489893552743,1.2456253779592577,0.2711693907027721,0.26442067219687293,-0.5405684772374552,-0.43112226632230105,0.06173777664441539,-1.0020020040060118,2.352859475705742,-0.42665336858709313,1.8231975204520983
439,-1.7712832081572016,0.9920317455237933,-1.024811259435705,1.3645483807231515,-1.5657469956442884,-0.7891584945343187,-1.1984266170552789,-0.8300489893552743,-1.4534545309448759,0.2711693907027721,-0.8396322388547883,0.868997304346522,1.36522051002062,1.2722824167309879,0.9980019960059882,-0.4250147577130797,-0.42665336858709313,-0.32300320992117804
440,-1.4131588231678769,0.9920317455237933,0.4927358840503601,0.7459861047833729,-0.5144397022394394,-0.23691322194207332,-0.36560756420240964,-0.25720634659801117,-1.4534545309448759,-1.1712209853758033,1.3684735832485342,0.868997304346522,-1.3292936544937617,-1.148806863442157,-1.0020020040060118,-0.4250147577130797,-0.42665336858709313,0.7500971552654602
441,-1.055034438178552,0.9920317455237933,0.025798301439263118,0.7459861047833729,0.8873033556336926,-0.7891584945343187,-0.36560756420240964,0.31563629615925193,-0.10391457649280908,-1.1712209853758033,1.3684735832485342,0.5166058589505277,0.4670491218491595,1.2722824167309879,-1.0020020040060118,2.352859475705742,-0.42665336858709313,1.8231975204520983
442,-1.4131588231678769,-1.0080322575483704,1.0764078623142312,0.7459861047833729,0.8873033556336926,-0.7891584945343187,-0.36560756420240964,0.31563629615925193,1.2456253779592577,-1.1712209853758033,0.8164471277227036,0.5166058589505277,-1.3292936544937617,-1.148806863442157,0.9980019960059882,-0.4250147577130797,-0.42665336858709313,-1.3961035751078161
443,0.01933871678942301,0.9920317455237933,-0.20767048986628536,-0.4911384470961842,0.8873033556336926,-0.7891584945343187,1.3000305415033289,2.6070068671883044,-0.10391457649280908,0.2711693907027721,-0.8396322388547883,-0.8929599226334495,0.4670491218491595,0.06173777664441539,0.9980019960059882,-0.4250147577130797,-0.42665336858709313,1.8231975204520983
444,-0.3387856681999019,0.9920317455237933,0.4927358840503601,0.7459861047833729,-0.5144397022394394,-0.23691322194207332,-0.36560756420240964,-0.25720634659801117,-1.4534545309448759,-1.1712209853758033,-0.8396322388547883,0.868997304346522,-0.43112226632230105,-1.148806863442157,0.9980019960059882,-0.4250147577130797,-0.42665336858709313,0.7500971552654602
445,0.01933871678942301,0.9920317455237933,1.0764078623142312,-1.7282629989757414,-1.5657469956442884,0.3153320506501721,1.3000305415033289,1.4613215816737781,1.2456253779592577,0.2711693907027721,0.8164471277227036,-1.2453513680294437,0.4670491218491595,-1.148806863442157,0.9980019960059882,-0.4250147577130797,-0.42665336858709313,-0.32300320992117804
446,0.01933871678942301,-1.0080322575483704,0.14253269709203736,0.12742382884359435,-0.8648754667077224,0.3153320506501721,-0.36560756420240964,-0.8300489893552743,1.2456253779592577,-1.1712209853758033,-1.391658694380619,0.1642144135545334,1.36522051002062,-1.148806863442157,0.9980019960059882,-0.4250147577130797,2.3438230508096156,1.8231975204520983
447,0.01933871678942301,0.9920317455237933,1.1931422579670057,0.12742382884359435,-1.2153112311760055,1.9720678684269082,0.8836210150768942,-0.8300489893552743,1.2456253779592577,0.2711693907027721,-0.2876057833289577,-1.597742813425438,-1.3292936544937617,0.06173777664441539,0.9980019960059882,-0.4250147577130797,-0.42665336858709313,-1.3961035751078161
448,0.735587486768073,0.9920317455237933,1.426611049272554,1.3645483807231515,0.8873033556336926,-0.23691322194207332,-0.7820170906288442,-0.8300489893552743,-0.10391457649280908,0.2711693907027721,-0.2876057833289577,0.868997304346522,0.4670491218491595,-1.148806863442157,-1.0020020040060118,-0.4250147577130797,-0.42665336858709313,-1.3961035751078161
449,1.451836256746723,0.9920317455237933,1.6600798405781025,0.7459861047833729,-0.16400393777115643,-0.23691322194207332,0.8836210150768942,1.4613215816737781,-1.4534545309448759,1.7135597667813476,-1.391658694380619,1.2213887497425162,-1.3292936544937617,-1.148806863442157,-1.0020020040060118,-0.4250147577130797,-0.42665336858709313,-0.32300320992117804
450,-0.6969100531892269,-1.0080322575483704,0.8429390710086828,-1.1097007230359628,1.2377391201019754,1.4198225958346629,0.4672114886504596,-0.8300489893552743,1.2456253779592577,0.2711693907027721,-1.391658694380619,-0.18817703184146087,-1.3292936544937617,-1.148806863442157,0.9980019960059882,-0.4250147577130797,-0.42665336858709313,-1.3961035751078161
451,-1.055034438178552,0.9920317455237933,-0.4411392811718339,0.7459861047833729,-0.5144397022394394,-0.23691322194207332,0.05080196222402497,0.31563629615925193,-0.10391457649280908,0.2711693907027721,1.3684735832485342,-1.2453513680294437,-0.43112226632230105,1.2722824167309879,0.9980019960059882,2.352859475705742,-0.42665336858709313,1.8231975204520983
452,2.1680850267253726,-1.0080322575483704,0.025798301439263118,0.12742382884359435,0.5368675911654095,0.8675773232424175,0.8836210150768942,0.31563629615925193,-0.10391457649280908,0.2711693907027721,1.3684735832485342,-0.5405684772374552,0.4670491218491595,-1.148806863442157,-1.0020020040060118,-0.4250147577130797,-0.42665336858709313,0.7500971552654602
453,0.01933871678942301,-1.0080322575483704,-1.6084832376995764,-0.4911384470961842,-1.5657469956442884,-0.23691322194207332,0.8836210150768942,1.4613215816737781,-0.10391457649280908,-1.1712209853758033,-0.2876057833289577,0.1642144135545334,1.36522051002062,1.2722824167309879,-1.0020020040060118,-0.4250147577130797,-0.42665336858709313,1.8231975204520983
454,0.735587486768073,-1.0080322575483704,-1.024811259435705,1.3645483807231515,0.5368675911654095,1.4198225958346629,0.8836210150768942,-0.25720634659801117,-0.10391457649280908,-1.1712209853758033,-0.2876057833289577,-0.5405684772374552,1.36522051002062,-1.148806863442157,0.9980019960059882,-0.4250147577130797,-0.42665336858709313,0.7500971552654602
455,1.093711871757398,0.9920317455237933,-0.5578736768246081,-0.4911384470961842,0.8873033556336926,1.9720678684269082,1.7164400679297633,0.31563629615925193,1.2456253779592577,-1.1712209853758033,0.8164471277227036,1.5737801951385104,-0.43112226632230105,-1.148806863442157,0.9980019960059882,-0.4250147577130797,-0.42665336858709313,-0.32300320992117804
456,-1.055034438178552,-1.0080322575483704,1.0764078623142312,0.7459861047833729,-1.5657469956442884,-0.7891584945343187,-0.36560756420240964,0.31563629615925193,-0.10391457649280908,1.7135597667813476,-1.391658694380619,0.868997304346522,1.36522051002062,0.06173777664441539,0.9980019960059882,-0.4250147577130797,-0.42665336858709313,0.7500971552654602
457,0.735587486768073,0.9920317455237933,0.6094702797031344,0.7459861047833729,-0.16400393777115643,3.076558413611399,2.132849594356198,-0.25720634659801117,-1.4534545309448759,-1.1712209853758033,0.8164471277227036,-0.5405684772374552,-0.43112226632230105,-1.148806863442157,-1.0020020040060118,-0.4250147577130797,-0.42665336858709313,-0.32300320992117804
458,1.093711871757398,-1.0080322575483704,-0.7913424681301566,-1.1097007230359628,1.5881748845702586,-0.7891584945343187,-1.1984266170552789,-0.8300489893552743,-0.10391457649280908,1.7135597667813476,0.26442067219687293,-0.8929599226334495,0.4670491218491595,-1.148806863442157,0.9980019960059882,-0.4250147577130797,-0.42665336858709313,0.7500971552654602
459,0.377463101778748,0.9920317455237933,1.0764078623142312,1.3645483807231515,-0.5144397022394394,0.3153320506501721,-0.36560756420240964,-0.8300489893552743,-0.10391457649280908,0.2711693907027721,1.3684735832485342,0.1642144135545334,0.4670491218491595,-1.148806863442157,0.9980019960059882,-0.4250147577130797,-0.42665336858709313,-0.32300320992117804
460,0.735587486768073,-1.0080322575483704,-1.4917488420468021,1.3645483807231515,0.18643182669712655,0.3153320506501721,-0.36560756420240964,-0.8300489893552743,1.2456253779592577,0.2711693907027721,1.3684735832485342,-0.5405684772374552,-1.3292936544937617,1.2722824167309879,0.9980019960059882,-0.4250147577130797,-0.42665336858709313,1.8231975204520983
461,0.377463101778748,-1.0080322575483704,1.6600798405781025,-1.1097007230359628,-1.5657469956442884,-0.23691322194207332,-0.7820170906288442,-0.8300489893552743,-0.10391457649280908,0.2711693907027721,1.3684735832485342,-0.8929599226334495,-0.43112226632230105,-1.148806863442157,-1.0020020040060118,-0.4250147577130797,-0.42665336858709313,-0.32300320992117804
462,0.377463101778748,0.9920317455237933,0.14253269709203736,0.7459861047833729,0.8873033556336926,1.4198225958346629,0.4672114886504596,-0.8300489893552743,-1.4534545309448759,0.2711693907027721,-1.391658694380619,0.1642144135545334,-1.3292936544937617,1.2722824167309879,0.9980019960059882,2.352859475705742,-0.42665336858709313,0.7500971552654602
463,0.01933871678942301,0.9920317455237933,0.4927358840503601,-1.1097007230359628,-1.2153112311760055,-0.7891584945343187,-0.7820170906288442,-0.25720634659801117,1.2456253779592577,0.2711693907027721,1.3684735832485342,-1.2453513680294437,-0.43112226632230105,1.2722824167309879,0.9980019960059882,-0.4250147577130797,-0.42665336858709313,-0.32300320992117804
464,0.01933871678942301,0.9920317455237933,0.6094702797031344,-0.4911384470961842,0.5368675911654095,-0.7891584945343187,1.3000305415033289,2.6070068671883044,-1.4534545309448759,0.2711693907027721,1.3684735832485342,0.5166058589505277,1.36522051002062,-1.148806863442157,-1.0020020040060118,-0.4250147577130797,2.3438230508096156,-1.3961035751078161
465,0.01933871678942301,-1.0080322575483704,0.8429390710086828,1.3645483807231515,0.5368675911654095,1.4198225958346629,0.8836210150768942,-0.25720634659801117,-1.4534545309448759,-1.1712209853758033,0.26442067219687293,1.5737801951385104,1.36522051002062,0.06173777664441539,0.9980019960059882,-0.4250147577130797,-0.42665336858709313,1.8231975204520983
466,0.01933871678942301,-1.0080322575483704,1.5433454449253283,1.3645483807231515,-0.8648754667077224,1.4198225958346629,0.8836210150768942,-0.25720634659801117,-1.4534545309448759,-1.1712209853758033,1.3684735832485342,-1.597742813425438,-1.3292936544937617,-1.148806863442157,0.9980019960059882,-0.4250147577130797,-0.42665336858709313,-0.32300320992117804
467,1.093711871757398,0.9920317455237933,-0.5578736768246081,-0.4911384470961842,1.2377391201019754,1.4198225958346629,1.7164400679297633,0.888478938916515,1.2456253779592577,-1.1712209853758033,-1.391658694380619,0.868997304346522,-0.43112226632230105,0.06173777664441539,0.9980019960059882,2.352859475705742,-0.42665336858709313,0.7500971552654602
468,-1.4131588231678769,0.9920317455237933,-0.3244048855190596,0.7459861047833729,0.18643182669712655,-0.7891584945343187,-0.7820170906288442,-0.25720634659801117,-0.10391457649280908,-1.1712209853758033,0.26442067219687293,-0.5405684772374552,1.36522051002062,1.2722824167309879,0.9980019960059882,-0.4250147577130797,-0.42665336858709313,-0.32300320992117804
469,-1.4131588231678769,0.9920317455237933,-0.09093609421351112,-1.1097007230359628,1.2377391201019754,-0.7891584945343187,-0.7820170906288442,-0.25720634659801117,-1.4534545309448759,0.2711693907027721,0.26442067219687293,-1.597742813425438,-1.3292936544937617,1.2722824167309879,-1.0020020040060118,-0.4250147577130797,-0.42665336858709313,-1.3961035751078161
470,1.451836256746723,0.9920317455237933,-1.2582800507412535,1.3645483807231515,-1.5657469956442884,0.3153320506501721,-0.36560756420240964,-0.8300489893552743,1.2456253779592577,0.2711693907027721,-1.391658694380619,-0.8929599226334495,1.36522051002062,0.06173777664441539,-1.0020020040060118,-0.4250147577130797,-0.42665336858709313,-0.32300320992117804
471,1.8099606417360476,-1.0080322575483704,1.426611049272554,0.7459861047833729,-0.8648754667077224,1.4198225958346629,0.8836210150768942,-0.25720634659801117,1.2456253779592577,0.2711693907027721,0.8164471277227036,-1.2453513680294437,0.4670491218491595,1.2722824167309879,0.9980019960059882,-0.4250147577130797,-0.42665336858709313,-0.32300320992117804
472,-0.3387856681999019,-1.0080322575483704,-0.20767048986628536,0.7459861047833729,1.5881748845702586,-0.7891584945343187,-0.36560756420240964,0.31563629615925193,-1.4534545309448759,1.7135597667813476,1.3684735832485342,0.868997304346522,-0.43112226632230105,0.06173777664441539,-1.0020020040060118,-0.4250147577130797,-0.42665336858709313,-0.32300320992117804
473,0.01933871678942301,0.9920317455237933,-1.375014446394028,0.7459861047833729,0.18643182669712655,-0.7891584945343187,-1.1984266170552789,-0.8300489893552743,1.2456253779592577,-1.1712209853758033,0.26442067219687293,-0.8929599226334495,-0.43112226632230105,-1.148806863442157,0.9980019960059882,-0.4250147577130797,-0.42665336858709313,0.7500971552654602
474,0.735587486768073,0.9920317455237933,0.14253269709203736,-0.4911384470961842,1.2377391201019754,1.9720678684269082,0.8836210150768942,-0.8300489893552743,-0.10391457649280908,-1.1712209853758033,0.8164471277227036,1.2213887497425162,1.36522051002062,-1.148806863442157,0.9980019960059882,-0.4250147577130797,-0.42665336858709313,-0.32300320992117804
475,-0.3387856681999019,-1.0080322575483704,-1.6084832376995764,0.12742382884359435,0.8873033556336926,1.4198225958346629,0.8836210150768942,-0.25720634659801117,-1.4534545309448759,-1.1712209853758033,1.3684735832485342,-1.2453513680294437,-1.3292936544937617,-1.148806863442157,0.9980019960059882,-0.4250147577130797,-0.42665336858709313,0.7500971552654602
476,0.377463101778748,0.9920317455237933,0.25926709274481163,1.3645483807231515,-0.8648754667077224,-0.23691322194207332,0.05080196222402497,0.31563629615925193,-0.10391457649280908,1.7135597667813476,0.8164471277227036,1.5737801951385104,-1.3292936544937617,0.06173777664441539,-1.0020020040060118,-0.4250147577130797,-0.42665336858709313,-0.32300320992117804
477,2.1680850267253726,-1.0080322575483704,1.6600798405781025,-1.1097007230359628,-1.2153112311760055,-0.23691322194207332,-0.7820170906288442,-0.8300489893552743,1.2456253779592577,0.2711693907027721,-0.8396322388547883,1.5737801951385104,1.36522051002062,-1.148806863442157,-1.0020020040060118,-0.4250147577130797,-0.42665336858709313,1.8231975204520983
478,-0.3387856681999019,-1.0080322575483704,0.7262046753559086,0.12742382884359435,1.5881748845702586,0.8675773232424175,0.05080196222402497,-0.8300489893552743,-0.10391457649280908,1.7135597667813476,-0.8396322388547883,-1.597742813425438,0.4670491218491595,1.2722824167309879,0.9980019960059882,-0.4250147577130797,-0.42665336858709313,-1.3961035751078161
479,1.451836256746723,0.9920317455237933,0.37600148839758585,-1.1097007230359628,-0.16400393777115643,1.4198225958346629,2.132849594356198,1.4613215816737781,-0.10391457649280908,-1.1712209853758033,-0.2876057833289577,1.5737801951385104,1.36522051002062,-1.148806863442157,-1.0020020040060118,2.352859475705742,-0.42665336858709313,0.7500971552654602
480,-1.055034438178552,-1.0080322575483704,0.959673466661457,-0.4911384470961842,1.5881748845702586,-0.7891584945343187,-1.1984266170552789,-0.8300489893552743,-1.4534545309448759,-1.1712209853758033,0.8164471277227036,-1.2453513680294437,-1.3292936544937617,0.06173777664441539,-1.0020020040060118,-0.4250147577130797,2.3438230508096156,-0.32300320992117804
481,0.377463101778748,0.9920317455237933,-1.2582800507412535,1.3645483807231515,0.5368675911654095,-0.23691322194207332,-0.36560756420240964,-0.25720634659801117,-1.4534545309448759,0.2711693907027721,-0.8396322388547883,0.1642144135545334,1.36522051002062,1.2722824167309879,0.9980019960059882,-0.4250147577130797,-0.42665336858709313,-0.32300320992117804
482,-0.6969100531892269,-1.0080322575483704,1.5433454449253283,-0.4911384470961842,-0.5144397022394394,0.3153320506501721,0.05080196222402497,-0.25720634659801117,1.2456253779592577,0.2711693907027721,0.26442067219687293,-0.18817703184146087,-0.43112226632230105,-1.148806863442157,0.9980019960059882,-0.4250147577130797,-0.42665336858709313,-0.32300320992117804
483,-0.3387856681999019,-1.0080322575483704,-1.2582800507412535,0.7459861047833729,-1.2153112311760055,-0.23691322194207332,0.05080196222402497,0.31563629615925193,-0.10391457649280908,0.2711693907027721,0.26442067219687293,1.5737801951385104,-0.43112226632230105,1.2722824167309879,-1.0020020040060118,-0.4250147577130797,-0.42665336858709313,0.7500971552654602
484,-0.6969100531892269,0.9920317455237933,-1.2582800507412535,0.12742382884359435,-1.2153112311760055,-0.7891584945343187,-0.36560756420240964,0.31563629615925193,-1.4534545309448759,0.2711693907027721,-0.2876057833289577,1.2213887497425162,1.36522051002062,1.2722824167309879,0.9980019960059882,-0.4250147577130797,2.3438230508096156,-0.32300320992117804
485,1.451836256746723,0.9920317455237933,0.959673466661457,-1.7282629989757414,0.18643182669712655,-0.7891584945343187,-0.7820170906288442,-0.25720634659801117,-1.4534545309448759,-1.1712209853758033,1.3684735832485342,1.5737801951385104,0.4670491218491595,-1.148806863442157,-1.0020020040060118,-0.4250147577130797,-0.42665336858709313,-0.32300320992117804
486,0.377463101778748,-1.0080322575483704,0.25926709274481163,-0.4911384470961842,1.5881748845702586,1.9720678684269082,1.3000305415033289,-0.25720634659801117,-1.4534545309448759,1.7135597667813476,0.8164471277227036,-1.597742813425438,1.36522051002062,-1.148806863442157,0.9980019960059882,-0.4250147577130797,-0.42665336858709313,-0.32300320992117804
487,-0.3387856681999019,-1.0080322575483704,-1.024811259435705,-1.1097007230359628,-0.16400393777115643,-0.23691322194207332,0.4672114886504596,0.888478938916515,-0.10391457649280908,-1.1712209853758033,-1.391658694380619,-0.8929599226334495,-1.3292936544937617,0.06173777664441539,0.9980019960059882,-0.4250147577130797,-0.42665336858709313,0.7500971552654602
488,-0.3387856681999019,0.9920317455237933,-0.09093609421351112,-0.4911384470961842,0.5368675911654095,0.8675773232424175,0.05080196222402497,-0.8300489893552743,-0.10391457649280908,0.2711693907027721,0.26442067219687293,0.5166058589505277,1.36522051002062,1.2722824167309879,0.9980019960059882,-0.4250147577130797,2.3438230508096156,-0.32300320992117804
489,-0.3387856681999019,-1.0080322575483704,-0.3244048855190596,0.12742382884359435,1.5881748845702586,-0.7891584945343187,-0.36560756420240964,0.31563629615925193,-1.4534545309448759,0.2711693907027721,1.3684735832485342,0.868997304346522,0.4670491218491595,1.2722824167309879,0.9980019960059882,-0.4250147577130797,-0.42665336858709313,0.7500971552654602
490,-1.055034438178552,-1.0080322575483704,-1.6084832376995764,-0.4911384470961842,-0.16400393777115643,-0.7891584945343187,-1.1984266170552789,-0.8300489893552743,-0.10391457649280908,1.7135597667813476,-0.8396322388547883,1.2213887497425162,-1.3292936544937617,0.06173777664441539,-1.0020020040060118,-0.4250147577130797,-0.42665336858709313,-0.32300320992117804
491,1.093711871757398,0.9920317455237933,-1.2582800507412535,0.7459861047833729,-0.16400393777115643,-0.7891584945343187,-1.1984266170552789,-0.8300489893552743,-0.10391457649280908,0.2711693907027721,-1.391658694380619,0.5166058589505277,0.4670491218491595,1.2722824167309879,-1.0020020040060118,-0.4250147577130797,-0.42665336858709313,-1.3961035751078161
492,1.093711871757398,-1.0080322575483704,-0.20767048986628536,-1.1097007230359628,-0.5144397022394394,0.3153320506501721,-0.36560756420240964,-0.8300489893552743,-0.10391457649280908,1.7135597667813476,0.26442067219687293,-1.2453513680294437,0.4670491218491595,1.2722824167309879,-1.0020020040060118,-0.4250147577130797,-0.42665336858709313,-0.32300320992117804
493,-0.6969100531892269,-1.0080322575483704,-0.20767048986628536,-1.1097007230359628,-0.16400393777115643,0.3153320506501721,-0.36560756420240964,-0.8300489893552743,-0.10391457649280908,0.2711693907027721,0.26442067219687293,-1.597742813425438,-1.3292936544937617,-1.148806863442157,-1.0020020040060118,-0.4250147577130797,-0.42665336858709313,0.7500971552654602
494,-1.7712832081572016,0.9920317455237933,0.8429390710086828,1.3645483807231515,1.2377391201019754,-0.7891584945343187,-1.1984266170552789,-0.8300489893552743,-0.10391457649280908,0.2711693907027721,0.26442067219687293,0.868997304346522,-0.43112226632230105,-1.148806863442157,-1.0020020040060118,-0.4250147577130797,-0.42665336858709313,-1.3961035751078161
495,0.735587486768073,0.9920317455237933,-1.4917488420468021,-1.1097007230359628,0.18643182669712655,-0.7891584945343187,-0.7820170906288442,-0.25720634659801117,-0.10391457649280908,0.2711693907027721,1.3684735832485342,1.5737801951385104,-0.43112226632230105,1.2722824167309879,-1.0020020040060118,2.352859475705742,2.3438230508096156,-1.3961035751078161
496,0.01933871678942301,0.9920317455237933,0.14253269709203736,0.7459861047833729,0.8873033556336926,-0.23691322194207332,-0.36560756420240964,-0.25720634659801117,-1.4534545309448759,0.2711693907027721,1.3684735832485342,0.868997304346522,-1.3292936544937617,-1.148806863442157,0.9980019960059882,-0.4250147577130797,-0.42665336858709313,-1.3961035751078161
497,0.377463101778748,0.9920317455237933,-1.6084832376995764,0.7459861047833729,-0.5144397022394394,-0.23691322194207332,1.7164400679297633,2.6070068671883044,-1.4534545309448759,-1.1712209853758033,-0.2876057833289577,-0.5405684772374552,-0.43112226632230105,1.2722824167309879,0.9980019960059882,-0.4250147577130797,-0.42665336858709313,-0.32300320992117804
498,-0.3387856681999019,-1.0080322575483704,0.37600148839758585,-0.4911384470961842,0.18643182669712655,1.4198225958346629,0.4672114886504596,-0.8300489893552743,1.2456253779592577,-1.1712209853758033,-1.391658694380619,-0.18817703184146087,1.36522051002062,-1.148806863442157,-1.0020020040060118,-0.4250147577130797,-0.42665336858709313,-0.32300320992117804
499,0.377463101778748,-1.0080322575483704,0.025798301439263118,-0.4911384470961842,1.2377391201019754,-0.7891584945343187,-0.7820170906288442,-0.25720634659801117,1.2456253779592577,0.2711693907027721,1.3684735832485342,-0.18817703184146087,-1.3292936544937617,0.06173777664441539,-1.0020020040060118,-0.4250147577130797,-0.42665336858709313,-0.32300320992117804
500,0.735587486768073,0.9920317455237933,1.1931422579670057,-1.1097007230359628,-1.5657469956442884,0.3153320506501721,0.8836210150768942,0.888478938916515,1.2456253779592577,0.2711693907027721,0.26442067219687293,1.2213887497425162,1.36522051002062,1.2722824167309879,-1.0020020040060118,-0.4250147577130797,-0.42665336858709313,-1.3961035751078161
501,0.377463101778748,0.9920317455237933,0.8429390710086828,0.12742382884359435,0.5368675911654095,0.8675773232424175,0.8836210150768942,0.31563629615925193,-0.10391457649280908,0.2711693907027721,-0.2876057833289577,0.5166058589505277,1.36522051002062,-1.148806863442157,0.9980019960059882,-0.4250147577130797,-0.42665336858709313,-1.3961035751078161
502,2.1680850267253726,-1.0080322575483704,-1.6084832376995764,-0.4911384470961842,-1.2153112311760055,-0.23691322194207332,1.7164400679297633,2.6070068671883044,1.2456253779592577,-1.1712209853758033,0.8164471277227036,-0.18817703184146087,-0.43112226632230105,1.2722824167309879,-1.0020020040060118,2.352859475705742,-0.42665336858709313,1.8231975204520983
503,1.8099606417360476,-1.0080322575483704,0.25926709274481163,0.12742382884359435,-0.5144397022394394,0.3153320506501721,0.4672114886504596,0.31563629615925193,-0.10391457649280908,-1.1712209853758033,0.8164471277227036,0.868997304346522,1.36522051002062,0.06173777664441539,-1.0020020040060118,-0.4250147577130797,-0.42665336858709313,0.7500971552654602
504,-1.7712832081572016,0.9920317455237933,-1.7252176333523506,-0.4911384470961842,-0.16400393777115643,-0.7891584945343187,-0.7820170906288442,-0.25720634659801117,1.2456253779592577,1.7135597667813476,0.26442067219687293,1.5737801951385104,-0.43112226632230105,1.2722824167309879,-1.0020020040060118,-0.4250147577130797,-0.42665336858709313,-0.32300320992117804
505,1.8099606417360476,-1.0080322575483704,-0.09093609421351112,-1.1097007230359628,-0.8648754667077224,-0.7891584945343187,0.8836210150768942,2.0341642244310414,-1.4534545309448759,0.2711693907027721,1.3684735832485342,1.2213887497425162,0.4670491218491595,-1.148806863442157,-1.0020020040060118,-0.4250147577130797,-0.42665336858709313,0.7500971552654602
506,-1.4131588231678769,0.9920317455237933,-0.09093609421351112,0.12742382884359435,-0.5144397022394394,-0.23691322194207332,-0.36560756420240964,-0.25720634659801117,1.2456253779592577,-1.1712209853758033,1.3684735832485342,0.1642144135545334,1.36522051002062,0.06173777664441539,0.9980019960059882,-0.4250147577130797,-0.42665336858709313,0.7500971552654602
507,-1.055034438178552,-1.0080322575483704,-1.4917488420468021,-1.1097007230359628,1.5881748845702586,-0.7891584945343187,-0.36560756420240964,0.31563629615925193,-1.4534545309448759,0.2711693907027721,1.3684735832485342,1.5737801951385104,-0.43112226632230105,1.2722824167309879,0.9980019960059882,-0.4250147577130797,-0.42665336858709313,0.7500971552654602
508,1.451836256746723,-1.0080322575483704,-0.9080768637829308,-1.7282629989757414,0.5368675911654095,-0.7891584945343187,1.3000305415033289,2.6070068671883044,-0.10391457649280908,0.2711693907027721,-0.8396322388547883,0.5166058589505277,0.4670491218491595,1.2722824167309879,-1.0020020040060118,2.352859475705742,-0.42665336858709313,-0.32300320992117804
509,0.735587486768073,-1.0080322575483704,0.25926709274481163,0.12742382884359435,-0.5144397022394394,2.5243131410191535,1.7164400679297633,-0.25720634659801117,-1.4534545309448759,0.2711693907027721,-0.2876057833289577,0.868997304346522,1.36522051002062,0.06173777664441539,0.9980019960059882,-0.4250147577130797,-0.42665336858709313,0.7500971552654602
510,-0.3387856681999019,0.9920317455237933,1.5433454449253283,0.7459861047833729,1.5881748845702586,-0.7891584945343187,-1.1984266170552789,-0.8300489893552743,-1.4534545309448759,1.7135597667813476,0.26442067219687293,0.1642144135545334,-1.3292936544937617,0.06173777664441539,-1.0020020040060118,-0.4250147577130797,-0.42665336858709313,-0.32300320992117804
511,0.377463101778748,0.9920317455237933,1.5433454449253283,0.7459861047833729,-0.8648754667077224,1.9720678684269082,1.3000305415033289,-0.25720634659801117,1.2456253779592577,1.7135597667813476,0.26442067219687293,0.868997304346522,-0.43112226632230105,-1.148806863442157,-1.0020020040060118,-0.4250147577130797,-0.42665336858709313,0.7500971552654602
512,-1.055034438178552,-1.0080322575483704,0.025798301439263118,0.7459861047833729,1.2377391201019754,-0.7891584945343187,-0.36560756420240964,0.31563629615925193,1.2456253779592577,-1.1712209853758033,0.8164471277227036,0.1642144135545334,-0.43112226632230105,-1.148806863442157,-1.0020020040060118,-0.4250147577130797,-0.42665336858709313,-1.3961035751078161
513,0.735587486768073,-1.0080322575483704,-1.375014446394028,-0.4911384470961842,-0.16400393777115643,-0.23691322194207332,0.05080196222402497,0.31563629615925193,-0.10391457649280908,1.7135597667813476,1.3684735832485342,-0.8929599226334495,1.36522051002062,0.06173777664441539,-1.0020020040060118,-0.4250147577130797,2.3438230508096156,1.8231975204520983
514,1.451836256746723,0.9920317455237933,-0.20767048986628536,-0.4911384470961842,1.2377391201019754,-0.7891584945343187,-0.36560756420240964,0.31563629615925193,1.2456253779592577,1.7135597667813476,-0.8396322388547883,-0.5405684772374552,0.4670491218491595,-1.148806863442157,0.9980019960059882,-0.4250147577130797,-0.42665336858709313,-0.32300320992117804
515,-0.6969100531892269,-1.0080322575483704,-0.9080768637829308,0.7459861047833729,0.8873033556336926,-0.7891584945343187,-0.36560756420240964,0.31563629615925193,-1.4534545309448759,0.2711693907027721,-1.391658694380619,1.2213887497425162,1.36522051002062,0.06173777664441539,-1.0020020040060118,-0.4250147577130797,-0.42665336858709313,0.7500971552654602
516,-0.6969100531892269,-1.0080322575483704,-0.3244048855190596,0.7459861047833729,-0.8648754667077224,-0.7891584945343187,-1.1984266170552789,-0.8300489893552743,1.2456253779592577,0.2711693907027721,-0.8396322388547883,1.2213887497425162,-1.3292936544937617,-1.148806863442157,-1.0020020040060118,-0.4250147577130797,2.3438230508096156,-0.32300320992117804
517,-0.6969100531892269,0.9920317455237933,-0.09093609421351112,0.12742382884359435,0.8873033556336926,0.8675773232424175,0.05080196222402497,-0.8300489893552743,-1.4534545309448759,-1.1712209853758033,1.3684735832485342,-0.8929599226334495,0.4670491218491595,-1.148806863442157,0.9980019960059882,-0.4250147577130797,-0.42665336858709313,-0.32300320992117804
518,-1.055034438178552,0.9920317455237933,-0.20767048986628536,0.12742382884359435,1.5881748845702586,0.3153320506501721,-0.36560756420240964,-0.8300489893552743,1.2456253779592577,0.2711693907027721,1.3684735832485342,-1.2453513680294437,-1.3292936544937617,1.2722824167309879,0.9980019960059882,2.352859475705742,2.3438230508096156,0.7500971552654602
519,1.451836256746723,0.9920317455237933,0.25926709274481163,-1.1097007230359628,-1.2153112311760055,-0.23691322194207332,-0.36560756420240964,-0.25720634659801117,1.2456253779592577,-1.1712209853758033,1.3684735832485342,-1.597742813425438,-1.3292936544937617,-1.148806863442157,-1.0020020040060118,-0.4250147577130797,-0.42665336858709313,-0.32300320992117804
520,1.093711871757398,0.9920317455237933,-1.6084832376995764,-1.7282629989757414,0.18643182669712655,0.3153320506501721,1.3000305415033289,1.4613215816737781,-0.10391457649280908,0.2711693907027721,0.8164471277227036,-0.8929599226334495,1.36522051002062,1.2722824167309879,-1.0020020040060118,-0.4250147577130797,-0.42665336858709313,0.7500971552654602
521,-0.3387856681999019,-1.0080322575483704,-1.4917488420468021,0.7459861047833729,0.5368675911654095,0.3153320506501721,-0.36560756420240964,-0.8300489893552743,-0.10391457649280908,0.2711693907027721,1.3684735832485342,0.1642144135545334,1.36522051002062,0.06173777664441539,-1.0020020040060118,-0.4250147577130797,-0.42665336858709313,-1.3961035751078161
522,0.377463101778748,-1.0080322575483704,-1.7252176333523506,0.7459861047833729,-1.2153112311760055,1.9720678684269082,1.3000305415033289,-0.25720634659801117,-0.10391457649280908,-1.1712209853758033,1.3684735832485342,0.5166058589505277,-1.3292936544937617,0.06173777664441539,0.9980019960059882,2.352859475705742,-0.42665336858709313,0.7500971552654602
523,0.01933871678942301,0.9920317455237933,-0.6746080724773823,0.7459861047833729,-0.16400393777115643,0.3153320506501721,-0.36560756420240964,-0.8300489893552743,-0.10391457649280908,-1.1712209853758033,0.8164471277227036,-1.2453513680294437,1.36522051002062,1.2722824167309879,-1.0020020040060118,2.352859475705742,-0.42665336858709313,-0.32300320992117804
524,0.01933871678942301,0.9920317455237933,-0.4411392811718339,1.3645483807231515,0.5368675911654095,0.8675773232424175,0.4672114886504596,-0.25720634659801117,1.2456253779592577,-1.1712209853758033,0.8164471277227036,0.1642144135545334,0.4670491218491595,1.2722824167309879,-1.0020020040060118,-0.4250147577130797,-0.42665336858709313,0.7500971552654602
525,0.01933871678942301,0.9920317455237933,-0.9080768637829308,-0.4911384470961842,0.5368675911654095,-0.7891584945343187,-1.1984266170552789,-0.8300489893552743,-0.10391457649280908,1.7135597667813476,-1.391658694380619,-0.5405684772374552,1.36522051002062,-1.148806863442157,-1.0020020040060118,2.352859475705742,-0.42665336858709313,-0.32300320992117804
526,0.735587486768073,-1.0080322575483704,-1.4917488420468021,0.7459861047833729,0.18643182669712655,0.3153320506501721,0.05080196222402497,-0.25720634659801117,-1.4534545309448759,-1.1712209853758033,0.26442067219687293,-1.597742813425438,1.36522051002062,-1.148806863442157,0.9980019960059882,-0.4250147577130797,-0.42665336858709313,0.7500971552654602
527,-1.4131588231678769,-1.0080322575483704,0.37600148839758585,1.3645483807231515,-0.8648754667077224,0.3153320506501721,-0.36560756420240964,-0.8300489893552743,1.2456253779592577,0.2711693907027721,0.8164471277227036,0.5166058589505277,-0.43112226632230105,-1.148806863442157,0.9980019960059882,-0.4250147577130797,-0.42665336858709313,-0.32300320992117804
528,0.735587486768073,-1.0080322575483704,0.8429390710086828,0.7459861047833729,0.18643182669712655,-0.23691322194207332,1.3000305415033289,2.0341642244310414,1.2456253779592577,0.2711693907027721,0.26442067219687293,1.2213887497425162,0.4670491218491595,0.06173777664441539,0.9980019960059882,2.352859475705742,-0.42665336858709313,-0.32300320992117804
529,-1.055034438178552,0.9920317455237933,-0.20767048986628536,-1.1097007230359628,-0.5144397022394394,-0.7891584945343187,-1.1984266170552789,-0.8300489893552743,-1.4534545309448759,-1.1712209853758033,0.8164471277227036,1.2213887497425162,-1.3292936544937617,-1.148806863442157,-1.0020020040060118,-0.4250147577130797,2.3438230508096156,1.8231975204520983
530,-0.3387856681999019,-1.0080322575483704,-1.1415456550884793,0.7459861047833729,1.2377391201019754,1.9720678684269082,0.8836210150768942,-0.8300489893552743,1.2456253779592577,-1.1712209853758033,-0.2876057833289577,-1.2453513680294437,-1.3292936544937617,1.2722824167309879,-1.0020020040060118,-0.4250147577130797,-0.42665336858709313,0.7500971552654602
531,-0.3387856681999019,0.9920317455237933,-1.375014446394028,-0.4911384470961842,1.5881748845702586,-0.23691322194207332,0.05080196222402497,0.31563629615925193,-1.4534545309448759,0.2711693907027721,0.26442067219687293,1.2213887497425162,-0.43112226632230105,0.06173777664441539,0.9980019960059882,-0.4250147577130797,2.3438230508096156,0.7500971552654602
532,-0.6969100531892269,0.9920317455237933,-0.3244048855190596,0.12742382884359435,0.5368675911654095,0.3153320506501721,0.4672114886504596,0.31563629615925193,-1.4534545309448759,0.2711693907027721,0.8164471277227036,-1.597742813425438,1.36522051002062,-1.148806863442157,0.9980019960059882,-0.4250147577130797,-0.42665336858709313,0.7500971552654602
533,1.093711871757398,-1.0080322575483704,-0.9080768637829308,0.12742382884359435,-0.5144397022394394,3.076558413611399,2.132849594356198,-0.25720634659801117,1.2456253779592577,0.2711693907027721,-0.2876057833289577,1.2213887497425162,-0.43112226632230105,0.06173777664441539,0.9980019960059882,-0.4250147577130797,-0.42665336858709313,-0.32300320992117804
534,0.01933871678942301,0.9920317455237933,1.5433454449253283,-1.7282629989757414,0.8873033556336926,0.3153320506501721,-0.36560756420240964,-0.8300489893552743,-0.10391457649280908,1.7135597667813476,0.26442067219687293,1.5737801951385104,-0.43112226632230105,0.06173777664441539,0.9980019960059882,-0.4250147577130797,-0.42665336858709313,-1.3961035751078161
535,1.451836256746723,-1.0080322575483704,0.025798301439263118,-1.7282629989757414,1.5881748845702586,0.3153320506501721,0.8836210150768942,0.888478938916515,1.2456253779592577,-1.1712209853758033,-0.8396322388547883,-1.597742813425438,0.4670491218491595,1.2722824167309879,0.9980019960059882,-0.4250147577130797,-0.42665336858709313,0.7500971552654602
536,1.093711871757398,-1.0080322575483704,-0.09093609421351112,-0.4911384470961842,0.8873033556336926,-0.23691322194207332,2.5492591207826325,3.7526921527028305,1.2456253779592577,-1.1712209853758033,0.26442067219687293,1.2213887497425162,1.36522051002062,0.06173777664441539,-1.0020020040060118,-0.4250147577130797,-0.42665336858709313,-1.3961035751078161
537,0.735587486768073,0.9920317455237933,0.6094702797031344,0.7459861047833729,-1.2153112311760055,-0.23691322194207332,0.8836210150768942,1.4613215816737781,-1.4534545309448759,0.2711693907027721,0.26442067219687293,0.5166058589505277,-1.3292936544937617,0.06173777664441539,0.9980019960059882,-0.4250147577130797,-0.42665336858709313,-0.32300320992117804
538,-0.3387856681999019,0.9920317455237933,0.025798301439263118,-0.4911384470961842,-0.5144397022394394,-0.7891584945343187,-1.1984266170552789,-0.8300489893552743,-0.10391457649280908,0.2711693907027721,-1.391658694380619,0.868997304346522,0.4670491218491595,-1.148806863442157,0.9980019960059882,-0.4250147577130797,-0.42665336858709313,-0.32300320992117804
539,1.093711871757398,-1.0080322575483704,0.025798301439263118,1.3645483807231515,-0.8648754667077224,-0.7891584945343187,-1.1984266170552789,-0.8300489893552743,1.2456253779592577,-1.1712209853758033,-0.8396322388547883,-0.5405684772374552,-1.3292936544937617,-1.148806863442157,0.9980019960059882,-0.4250147577130797,-0.42665336858709313,-0.32300320992117804
540,-0.3387856681999019,-1.0080322575483704,1.30987665361978,-1.1097007230359628,-1.2153112311760055,-0.7891584945343187,-1.1984266170552789,-0.8300489893552743,1.2456253779592577,1.7135597667813476,-1.391658694380619,-1.2453513680294437,1.36522051002062,0.06173777664441539,-1.0020020040060118,-0.4250147577130797,-0.42665336858709313,0.7500971552654602
541,-1.4131588231678769,-1.0080322575483704,0.4927358840503601,1.3645483807231515,-1.5657469956442884,-0.7891584945343187,-1.1984266170552789,-0.8300489893552743,-1.4534545309448759,0.2711693907027721,0.8164471277227036,-0.8929599226334495,1.36522051002062,0.06173777664441539,-1.0020020040060118,-0.4250147577130797,-0.42665336858709313,0.7500971552654602
542,0.01933871678942301,-1.0080322575483704,-1.1415456550884793,-0.4911384470961842,-0.16400393777115643,-0.7891584945343187,-1.1984266170552789,-0.8300489893552743,1.2456253779592577,0.2711693907027721,0.26442067219687293,0.5166058589505277,-1.3292936544937617,0.06173777664441539,0.9980019960059882,-0.4250147577130797,-0.42665336858709313,-0.32300320992117804
543,0.735587486768073,-1.0080322575483704,-1.7252176333523506,0.7459861047833729,0.18643182669712655,0.8675773232424175,2.132849594356198,2.0341642244310414,-0.10391457649280908,-1.1712209853758033,-1.391658694380619,0.1642144135545334,0.4670491218491595,0.06173777664441539,-1.0020020040060118,-0.4250147577130797,-0.42665336858709313,0.7500971552654602
544,-1.4131588231678769,0.9920317455237933,0.4927358840503601,-1.1097007230359628,-0.8648754667077224,-0.23691322194207332,-0.36560756420240964,-0.25720634659801117,1.2456253779592577,-1.1712209853758033,-1.391658694380619,0.1642144135545334,0.4670491218491595,-1.148806863442157,0.9980019960059882,-0.4250147577130797,-0.42665336858709313,1.8231975204520983
545,0.377463101778748,-1.0080322575483704,0.7262046753559086,-1.1097007230359628,-0.8648754667077224,-0.7891584945343187,-0.7820170906288442,-0.25720634659801117,-0.10391457649280908,0.2711693907027721,-0.2876057833289577,-1.2453513680294437,0.4670491218491595,1.2722824167309879,-1.0020020040060118,-0.4250147577130797,-0.42665336858709313,1.8231975204520983
546,2.1680850267253726,0.9920317455237933,0.37600148839758585,0.12742382884359435,0.5368675911654095,1.4198225958346629,2.132849594356198,1.4613215816737781,1.2456253779592577,-1.1712209853758033,-0.8396322388547883,-1.2453513680294437,0.4670491218491595,-1.148806863442157,-1.0020020040060118,2.352859475705742,-0.42665336858709313,0.7500971552654602
547,-0.3387856681999019,0.9920317455237933,0.8429390710086828,0.12742382884359435,1.5881748845702586,-0.23691322194207332,0.8836210150768942,1.4613215816737781,1.2456253779592577,1.7135597667813476,-0.2876057833289577,0.868997304346522,0.4670491218491595,-1.148806863442157,-1.0020020040060118,2.352859475705742,-0.42665336858709313,-0.32300320992117804
548,0.735587486768073,0.9920317455237933,1.5433454449253283,1.3645483807231515,-0.8648754667077224,-0.7891584945343187,0.8836210150768942,2.0341642244310414,-0.10391457649280908,0.2711693907027721,-0.8396322388547883,0.1642144135545334,-0.43112226632230105,-1.148806863442157,0.9980019960059882,-0.4250147577130797,-0.42665336858709313,0.7500971552654602
549,0.377463101778748,0.9920317455237933,0.8429390710086828,-1.7282629989757414,-0.8648754667077224,-0.7891584945343187,-0.7820170906288442,-0.25720634659801117,1.2456253779592577,-1.1712209853758033,0.8164471277227036,0.868997304346522,1.36522051002062,0.06173777664441539,-1.0020020040060118,-0.4250147577130797,-0.42665336858709313,-0.32300320992117804
550,-0.6969100531892269,-1.0080322575483704,1.5433454449253283,1.3645483807231515,0.18643182669712655,-0.7891584945343187,-1.1984266170552789,-0.8300489893552743,-0.10391457649280908,0.2711693907027721,0.8164471277227036,0.5166058589505277,-0.43112226632230105,1.2722824167309879,-1.0020020040060118,-0.4250147577130797,-0.42665336858709313,-0.32300320992117804
551,0.735587486768073,0.9920317455237933,0.959673466661457,0.12742382884359435,1.5881748845702586,-0.7891584945343187,-0.7820170906288442,-0.25720634659801117,-1.4534545309448759,-1.1712209853758033,-1.391658694380619,1.5737801951385104,-1.3292936544937617,0.06173777664441539,-1.0020020040060118,2.352859475705742,-0.42665336858709313,1.8231975204520983
552,-0.3387856681999019,-1.0080322575483704,0.25926709274481163,0.7459861047833729,-0.8648754667077224,0.3153320506501721,0.05080196222402497,-0.25720634659801117,1.2456253779592577,1.7135597667813476,0.8164471277227036,-0.5405684772374552,-1.3292936544937617,1.2722824167309879,-1.0020020040060118,2.352859475705742,2.3438230508096156,1.8231975204520983
553,-0.3387856681999019,0.9920317455237933,1.0764078623142312,0.12742382884359435,1.5881748845702586,-0.7891584945343187,-1.1984266170552789,-0.8300489893552743,-0.10391457649280908,-1.1712209853758033,1.3684735832485342,-0.18817703184146087,-1.3292936544937617,-1.148806863442157,-1.0020020040060118,2.352859475705742,-0.42665336858709313,0.7500971552654602
554,0.01933871678942301,-1.0080322575483704,-0.7913424681301566,-1.1097007230359628,-1.2153112311760055,-0.7891584945343187,-1.1984266170552789,-0.8300489893552743,-1.4534545309448759,0.2711693907027721,0.26442067219687293,0.868997304346522,-0.43112226632230105,-1.148806863442157,0.9980019960059882,-0.4250147577130797,-0.42665336858709313,-0.32300320992117804
555,0.01933871678942301,0.9920317455237933,-0.3244048855190596,-1.1097007230359628,0.8873033556336926,2.5243131410191535,1.3000305415033289,-0.8300489893552743,-1.4534545309448759,0.2711693907027721,-0.8396322388547883,1.2213887497425162,-0.43112226632230105,-1.148806863442157,-1.0020020040060118,2.352859475705742,2.3438230508096156,-0.32300320992117804
556,0.01933871678942301,0.9920317455237933,1.1931422579670057,-1.7282629989757414,-1.2153112311760055,-0.23691322194207332,-0.7820170906288442,-0.8300489893552743,1.2456253779592577,0.2711693907027721,-1.391658694380619,0.5166058589505277,1.36522051002062,0.06173777664441539,0.9980019960059882,-0.4250147577130797,-0.42665336858709313,1.8231975204520983
557,-0.6969100531892269,0.9920317455237933,1.426611049272554,0.12742382884359435,-0.16400393777115643,-0.7891584945343187,0.4672114886504596,1.4613215816737781,1.2456253779592577,1.7135597667813476,-0.2876057833289577,0.1642144135545334,0.4670491218491595,0.06173777664441539,-1.0020020040060118,-0.4250147577130797,2.3438230508096156,-0.32300320992117804
558,0.01933871678942301,0.9920317455237933,0.14253269709203736,0.7459861047833729,1.5881748845702586,-0.23691322194207332,-0.7820170906288442,-0.8300489893552743,-0.10391457649280908,0.2711693907027721,0.8164471277227036,-0.18817703184146087,1.36522051002062,0.06173777664441539,0.9980019960059882,-0.4250147577130797,-0.42665336858709313,0.7500971552654602
559,0.735587486768073,0.9920317455237933,1.1931422579670057,0.7459861047833729,-0.5144397022394394,0.8675773232424175,0.05080196222402497,-0.8300489893552743,1.2456253779592577,0.2711693907027721,0.8164471277227036,-0.8929599226334495,1.36522051002062,1.2722824167309879,-1.0020020040060118,-0.4250147577130797,-0.42665336858709313,0.7500971552654602
560,-0.6969100531892269,-1.0080322575483704,-1.2582800507412535,0.12742382884359435,1.5881748845702586,-0.7891584945343187,-1.1984266170552789,-0.8300489893552743,-0.10391457649280908,1.7135597667813476,-0.8396322388547883,-0.8929599226334495,0.4670491218491595,0.06173777664441539,0.9980019960059882,-0.4250147577130797,-0.42665336858709313,0.7500971552654602
561,-0.3387856681999019,0.9920317455237933,-1.7252176333523506,-0.4911384470961842,0.5368675911654095,-0.23691322194207332,-0.7820170906288442,-0.8300489893552743,-0.10391457649280908,0.2711693907027721,-1.391658694380619,-1.2453513680294437,-1.3292936544937617,1.2722824167309879,0.9980019960059882,-0.4250147577130797,-0.42665336858709313,-0.32300320992117804
562,1.451836256746723,0.9920317455237933,-0.6746080724773823,0.7459861047833729,0.5368675911654095,0.8675773232424175,0.8836210150768942,0.31563629615925193,-0.10391457649280908,0.2711693907027721,0.26442067219687293,0.1642144135545334,1.36522051002062,0.06173777664441539,-1.0020020040060118,-0.4250147577130797,-0.42665336858709313,-0.32300320992117804
563,1.093711871757398,0.9920317455237933,0.6094702797031344,0.7459861047833729,1.5881748845702586,-0.7891584945343187,2.5492591207826325,4.325534795460094,1.2456253779592577,0.2711693907027721,1.3684735832485342,1.5737801951385104,0.4670491218491595,1.2722824167309879,-1.0020020040060118,2.352859475705742,-0.42665336858709313,-1.3961035751078161
564,1.093711871757398,0.9920317455237933,0.8429390710086828,-1.7282629989757414,1.2377391201019754,-0.7891584945343187,0.8836210150768942,2.0341642244310414,1.2456253779592577,0.2711693907027721,0.26442067219687293,-0.5405684772374552,-0.43112226632230105,0.06173777664441539,-1.0020020040060118,-0.4250147577130797,-0.42665336858709313,-1.3961035751078161
565,-0.3387856681999019,0.9920317455237933,1.5433454449253283,-1.7282629989757414,0.8873033556336926,0.3153320506501721,0.05080196222402497,-0.25720634659801117,-0.10391457649280908,-1.1712209853758033,0.8164471277227036,-1.597742813425438,1.36522051002062,-1.148806863442157,0.9980019960059882,-0.4250147577130797,-0.42665336858709313,1.8231975204520983
566,0.735587486768073,0.9920317455237933,0.37600148839758585,0.7459861047833729,-1.2153112311760055,-0.23691322194207332,-0.36560756420240964,-0.25720634659801117,-1.4534545309448759,0.2711693907027721,-0.8396322388547883,-0.5405684772374552,0.4670491218491595,1.2722824167309879,0.9980019960059882,2.352859475705742,-0.42665336858709313,0.7500971552654602
567,-0.6969100531892269,0.9920317455237933,1.6600798405781025,1.3645483807231515,-0.5144397022394394,-0.23691322194207332,-0.7820170906288442,-0.8300489893552743,-0.10391457649280908,1.7135597667813476,-1.391658694380619,-0.18817703184146087,0.4670491218491595,0.06173777664441539,-1.0020020040060118,-0.4250147577130797,2.3438230508096156,0.7500971552654602
568,1.451836256746723,-1.0080322575483704,0.7262046753559086,-0.4911384470961842,0.5368675911654095,0.3153320506501721,-0.36560756420240964,-0.8300489893552743,1.2456253779592577,1.7135597667813476,-1.391658694380619,-1.597742813425438,-1.3292936544937617,0.06173777664441539,-1.0020020040060118,-0.4250147577130797,-0.42665336858709313,-0.32300320992117804
569,-1.055034438178552,0.9920317455237933,0.25926709274481163,1.3645483807231515,-0.5144397022394394,-0.7891584945343187,0.05080196222402497,0.888478938916515,1.2456253779592577,0.2711693907027721,-0.2876057833289577,-0.18817703184146087,1.36522051002062,-1.148806863442157,-1.0020020040060118,2.352859475705742,-0.42665336858709313,-1.3961035751078161
570,-1.4131588231678769,-1.0080322575483704,1.426611049272554,-0.4911384470961842,-0.16400393777115643,-0.7891584945343187,-0.7820170906288442,-0.25720634659801117,-0.10391457649280908,-1.1712209853758033,-0.8396322388547883,-1.2453513680294437,1.36522051002062,1.2722824167309879,0.9980019960059882,2.352859475705742,2.3438230508096156,0.7500971552654602
571,-0.3387856681999019,-1.0080322575483704,0.7262046753559086,1.3645483807231515,-0.8648754667077224,-0.7891584945343187,0.4672114886504596,1.4613215816737781,1.2456253779592577,-1.1712209853758033,-1.391658694380619,-0.18817703184146087,0.4670491218491595,0.06173777664441539,0.9980019960059882,-0.4250147577130797,-0.42665336858709313,-0.32300320992117804
572,-1.4131588231678769,0.9920317455237933,-1.1415456550884793,1.3645483807231515,-1.5657469956442884,0.3153320506501721,-0.36560756420240964,-0.8300489893552743,-1.4534545309448759,0.2711693907027721,1.3684735832485342,-1.2453513680294437,-0.43112226632230105,-1.148806863442157,0.9980019960059882,2.352859475705742,-0.42665336858709313,-1.3961035751078161
573,-0.3387856681999019,-1.0080322575483704,-1.7252176333523506,-0.4911384470961842,0.5368675911654095,-0.23691322194207332,-0.7820170906288442,-0.8300489893552743,-1.4534545309448759,-1.1712209853758033,-1.391658694380619,0.5166058589505277,-0.43112226632230105,1.2722824167309879,-1.0020020040060118,-0.4250147577130797,-0.42665336858709313,1.8231975204520983
574,1.093711871757398,-1.0080322575483704,-0.6746080724773823,1.3645483807231515,-1.5657469956442884,-0.7891584945343187,-1.1984266170552789,-0.8300489893552743,1.2456253779592577,1.7135597667813476,-1.391658694380619,-0.18817703184146087,-0.43112226632230105,0.06173777664441539,0.9980019960059882,-0.4250147577130797,-0.42665336858709313,-1.3961035751078161
575,1.8099606417360476,-1.0080322575483704,-0.7913424681301566,0.12742382884359435,-0.16400393777115643,-0.7891584945343187,0.05080196222402497,0.888478938916515,-0.10391457649280908,0.2711693907027721,1.3684735832485342,1.5737801951385104,1.36522051002062,1.2722824167309879,0.9980019960059882,2.352859475705742,-0.42665336858709313,1.8231975204520983
576,-0.3387856681999019,-1.0080322575483704,1.30987665361978,-1.7282629989757414,-0.16400393777115643,-0.7891584945343187,-0.7820170906288442,-0.25720634659801117,1.2456253779592577,-1.1712209853758033,-0.2876057833289577,-0.18817703184146087,-1.3292936544937617,-1.148806863442157,-1.0020020040060118,-0.4250147577130797,2.3438230508096156,-1.3961035751078161
577,1.451836256746723,-1.0080322575483704,-1.375014446394028,-1.7282629989757414,0.18643182669712655,0.8675773232424175,2.5492591207826325,2.6070068671883044,-0.10391457649280908,0.2711693907027721,-1.391658694380619,-1.597742813425438,-1.3292936544937617,-1.148806863442157,0.9980019960059882,-0.4250147577130797,-0.42665336858709313,-0.32300320992117804
578,0.377463101778748,0.9920317455237933,0.4927358840503601,-1.1097007230359628,-1.2153112311760055,1.9720678684269082,1.7164400679297633,0.31563629615925193,1.2456253779592577,0.2711693907027721,0.8164471277227036,-1.2453513680294437,1.36522051002062,0.06173777664441539,0.9980019960059882,-0.4250147577130797,-0.42665336858709313,-1.3961035751078161
579,1.451836256746723,0.9920317455237933,-0.7913424681301566,0.7459861047833729,0.8873033556336926,0.3153320506501721,0.8836210150768942,0.888478938916515,-0.10391457649280908,0.2711693907027721,-0.2876057833289577,0.868997304346522,0.4670491218491595,0.06173777664441539,-1.0020020040060118,2.352859475705742,-0.42665336858709313,-0.32300320992117804
580,-1.055034438178552,0.9920317455237933,0.6094702797031344,1.3645483807231515,-1.2153112311760055,-0.7891584945343187,-0.7820170906288442,-0.25720634659801117,-1.4534545309448759,0.2711693907027721,1.3684735832485342,0.1642144135545334,1.36522051002062,1.2722824167309879,0.9980019960059882,-0.4250147577130797,2.3438230508096156,-0.32300320992117804
581,1.8099606417360476,-1.0080322575483704,-1.1415456550884793,-1.1097007230359628,0.18643182669712655,0.3153320506501721,0.05080196222402497,-0.25720634659801117,-1.4534545309448759,1.7135597667813476,1.3684735832485342,-0.5405684772374552,-0.43112226632230105,-1.148806863442157,-1.0020020040060118,2.352859475705742,-0.42665336858709313,0.7500971552654602
582,0.01933871678942301,0.9920317455237933,-1.7252176333523506,-0.4911384470961842,1.5881748845702586,-0.7891584945343187,-0.7820170906288442,-0.25720634659801117,1.2456253779592577,0.2711693907027721,-0.2876057833289577,0.868997304346522,0.4670491218491595,-1.148806863442157,-1.0020020040060118,-0.4250147577130797,2.3438230508096156,0.7500971552654602
583,0.01933871678942301,0.9920317455237933,-0.20767048986628536,1.3645483807231515,0.18643182669712655,-0.7891584945343187,-1.1984266170552789,-0.8300489893552743,1.2456253779592577,0.2711693907027721,1.3684735832485342,-1.2453513680294437,0.4670491218491595,1.2722824167309879,-1.0020020040060118,-0.4250147577130797,-0.42665336858709313,1.8231975204520983
584,-1.055034438178552,-1.0080322575483704,-0.20767048986628536,-1.1097007230359628,-1.2153112311760055,-0.23691322194207332,-0.7820170906288442,-0.8300489893552743,-0.10391457649280908,0.2711693907027721,-0.8396322388547883,1.5737801951385104,-0.43112226632230105,0.06173777664441539,0.9980019960059882,-0.4250147577130797,-0.42665336858709313,-0.32300320992117804
585,-1.055034438178552,0.9920317455237933,0.4927358840503601,0.7459861047833729,0.8873033556336926,-0.23691322194207332,-0.36560756420240964,-0.25720634659801117,1.2456253779592577,0.2711693907027721,0.8164471277227036,1.5737801951385104,-0.43112226632230105,-1.148806863442157,-1.0020020040060118,-0.4250147577130797,-0.42665336858709313,-0.32300320992117804
586,0.377463101778748,0.9920317455237933,0.959673466661457,0.12742382884359435,-1.2153112311760055,-0.7891584945343187,-1.1984266170552789,-0.8300489893552743,1.2456253779592577,-1.1712209853758033,1.3684735832485342,-1.597742813425438,1.36522051002062,0.06173777664441539,0.9980019960059882,-0.4250147577130797,-0.42665336858709313,-0.32300320992117804
587,-0.6969100531892269,0.9920317455237933,-1.2582800507412535,-1.1097007230359628,-0.8648754667077224,-0.7891584945343187,-1.1984266170552789,-0.8300489893552743,-0.10391457649280908,-1.1712209853758033,0.8164471277227036,1.2213887497425162,-0.43112226632230105,1.2722824167309879,-1.0020020040060118,-0.4250147577130797,-0.42665336858709313,-0.32300320992117804
588,1.451836256746723,0.9920317455237933,0.14253269709203736,-1.1097007230359628,0.5368675911654095,-0.7891584945343187,-1.1984266170552789,-0.8300489893552743,1.2456253779592577,1.7135597667813476,-0.2876057833289577,-0.8929599226334495,-1.3292936544937617,1.2722824167309879,0.9980019960059882,-0.4250147577130797,-0.42665336858709313,-0.32300320992117804
589,0.377463101778748,-1.0080322575483704,0.6094702797031344,0.12742382884359435,0.5368675911654095,-0.7891584945343187,-0.36560756420240964,0.31563629615925193,-0.10391457649280908,1.7135597667813476,0.8164471277227036,0.868997304346522,-0.43112226632230105,-1.148806863442157,-1.0020020040060118,-0.4250147577130797,2.3438230508096156,-0.32300320992117804
590,0.735587486768073,0.9920317455237933,0.37600148839758585,-0.4911384470961842,0.18643182669712655,-0.7891584945343187,-1.1984266170552789,-0.8300489893552743,-0.10391457649280908,-1.1712209853758033,-1.391658694380619,-0.5405684772374552,-1.3292936544937617,1.2722824167309879,0.9980019960059882,-0.4250147577130797,-0.42665336858709313,0.7500971552654602
591,-1.4131588231678769,-1.0080322575483704,1.6600798405781025,-0.4911384470961842,-1.2153112311760055,-0.7891584945343187,-0.36560756420240964,0.31563629615925193,1.2456253779592577,-1.1712209853758033,0.8164471277227036,0.1642144135545334,1.36522051002062,-1.148806863442157,0.9980019960059882,-0.4250147577130797,-0.42665336858709313,-0.32300320992117804
592,-0.6969100531892269,-1.0080322575483704,-0.7913424681301566,1.3645483807231515,-0.8648754667077224,-0.7891584945343187,-1.1984266170552789,-0.8300489893552743,1.2456253779592577,0.2711693907027721,0.8164471277227036,0.5166058589505277,1.36522051002062,-1.148806863442157,0.9980019960059882,-0.4250147577130797,-0.42665336858709313,-0.32300320992117804
593,-1.4131588231678769,0.9920317455237933,1.0764078623142312,0.12742382884359435,-1.5657469956442884,-0.23691322194207332,-0.7820170906288442,-0.8300489893552743,-1.4534545309448759,-1.1712209853758033,0.8164471277227036,0.1642144135545334,-0.43112226632230105,-1.148806863442157,0.9980019960059882,-0.4250147577130797,-0.42665336858709313,0.7500971552654602
594,1.093711871757398,0.9920317455237933,0.4927358840503601,-1.1097007230359628,-1.2153112311760055,1.9720678684269082,1.3000305415033289,-0.25720634659801117,-0.10391457649280908,-1.1712209853758033,1.3684735832485342,-0.18817703184146087,-1.3292936544937617,1.2722824167309879,0.9980019960059882,-0.4250147577130797,-0.42665336858709313,-0.32300320992117804
595,0.735587486768073,0.9920317455237933,0.8429390710086828,0.7459861047833729,0.5368675911654095,0.3153320506501721,0.8836210150768942,0.888478938916515,-0.10391457649280908,-1.1712209853758033,1.3684735832485342,-0.8929599226334495,0.4670491218491595,0.06173777664441539,-1.0020020040060118,2.352859475705742,-0.42665336858709313,0.7500971552654602
596,0.01933871678942301,-1.0080322575483704,-0.4411392811718339,-1.1097007230359628,-1.5657469956442884,-0.7891584945343187,0.05080196222402497,0.888478938916515,1.2456253779592577,-1.1712209853758033,-0.8396322388547883,-1.597742813425438,-0.43112226632230105,-1.148806863442157,-1.0020020040060118,-0.4250147577130797,2.3438230508096156,0.7500971552654602
597,0.377463101778748,0.9920317455237933,-1.4917488420468021,1.3645483807231515,-0.16400393777115643,-0.7891584945343187,-1.1984266170552789,-0.8300489893552743,-1.4534545309448759,1.7135597667813476,1.3684735832485342,-1.597742813425438,-1.3292936544937617,1.2722824167309879,-1.0020020040060118,2.352859475705742,-0.42665336858709313,-1.3961035751078161
598,-0.6969100531892269,-1.0080322575483704,-1.1415456550884793,-1.1097007230359628,-1.5657469956442884,0.3153320506501721,-0.36560756420240964,-0.8300489893552743,1.2456253779592577,0.2711693907027721,0.8164471277227036,1.2213887497425162,-1.3292936544937617,0.06173777664441539,0.9980019960059882,-0.4250147577130797,-0.42665336858709313,-1.3961035751078161
599,0.377463101778748,0.9920317455237933,-0.09093609421351112,1.3645483807231515,-1.2153112311760055,-0.7891584945343187,-0.36560756420240964,0.31563629615925193,1.2456253779592577,0.2711693907027721,0.8164471277227036,-0.5405684772374552,-1.3292936544937617,1.2722824167309879,0.9980019960059882,2.352859475705742,-0.42665336858709313,-1.3961035751078161
600,1.093711871757398,0.9920317455237933,-1.2582800507412535,1.3645483807231515,-0.8648754667077224,-0.23691322194207332,0.4672114886504596,0.888478938916515,1.2456253779592577,-1.1712209853758033,-1.391658694380619,-0.8929599226334495,1.36522051002062,0.06173777664441539,0.9980019960059882,-0.4250147577130797,-0.42665336858709313,-1.3961035751078161
601,-1.7712832081572016,0.9920317455237933,0.7262046753559086,-1.1097007230359628,1.2377391201019754,-0.7891584945343187,-0.7820170906288442,-0.25720634659801117,-0.10391457649280908,1.7135597667813476,-1.391658694380619,-0.8929599226334495,1.36522051002062,1.2722824167309879,0.9980019960059882,-0.4250147577130797,-0.42665336858709313,-0.32300320992117804
602,-1.4131588231678769,0.9920317455237933,0.6094702797031344,-0.4911384470961842,-0.16400393777115643,-0.7891584945343187,-0.7820170906288442,-0.25720634659801117,-0.10391457649280908,-1.1712209853758033,1.3684735832485342,1.2213887497425162,-0.43112226632230105,0.06173777664441539,-1.0020020040060118,-0.4250147577130797,-0.42665336858709313,-0.32300320992117804
603,0.01933871678942301,0.9920317455237933,0.7262046753559086,-1.7282629989757414,-0.5144397022394394,1.4198225958346629,0.4672114886504596,-0.8300489893552743,-0.10391457649280908,0.2711693907027721,0.26442067219687293,-0.5405684772374552,-1.3292936544937617,1.2722824167309879,0.9980019960059882,-0.4250147577130797,-0.42665336858709313,-0.32300320992117804
604,-1.055034438178552,0.9920317455237933,-0.20767048986628536,-1.7282629989757414,-0.16400393777115643,-0.7891584945343187,-0.7820170906288442,-0.25720634659801117,-1.4534545309448759,1.7135597667813476,-0.8396322388547883,1.5737801951385104,-0.43112226632230105,1.2722824167309879,-1.0020020040060118,2.352859475705742,-0.42665336858709313,0.7500971552654602
605,-1.4131588231678769,0.9920317455237933,0.6094702797031344,-0.4911384470961842,-0.5144397022394394,-0.7891584945343187,-1.1984266170552789,-0.8300489893552743,-0.10391457649280908,-1.1712209853758033,-0.8396322388547883,0.868997304346522,1.36522051002062,1.2722824167309879,-1.0020020040060118,-0.4250147577130797,-0.42665336858709313,-0.32300320992117804
606,0.377463101778748,-1.0080322575483704,-0.3244048855190596,0.12742382884359435,0.5368675911654095,2.5243131410191535,1.7164400679297633,-0.25720634659801117,-1.4534545309448759,0.2711693907027721,-0.2876057833289577,0.5166058589505277,0.4670491218491595,-1.148806863442157,0.9980019960059882,-0.4250147577130797,-0.42665336858709313,-0.32300320992117804
607,-1.4131588231678769,-1.0080322575483704,-0.4411392811718339,0.7459861047833729,-0.5144397022394394,-0.7891584945343187,-0.36560756420240964,0.31563629615925193,-1.4534545309448759,0.2711693907027721,1.3684735832485342,1.2213887497425162,0.4670491218491595,-1.148806863442157,0.9980019960059882,-0.4250147577130797,-0.42665336858709313,-0.32300320992117804
608,-1.7712832081572016,-1.0080322575483704,0.959673466661457,-1.7282629989757414,-0.5144397022394394,-0.7891584945343187,-0.7820170906288442,-0.25720634659801117,1.2456253779592577,0.2711693907027721,-0.8396322388547883,1.2213887497425162,-1.3292936544937617,0.06173777664441539,-1.0020020040060118,-0.4250147577130797,-0.42665336858709313,-0.32300320992117804
609,0.01933871678942301,0.9920317455237933,1.1931422579670057,-0.4911384470961842,-0.8648754667077224,1.4198225958346629,0.4672114886504596,-0.8300489893552743,-0.10391457649280908,0.2711693907027721,0.26442067219687293,0.868997304346522,0.4670491218491595,-1.148806863442157,0.9980019960059882,-0.4250147577130797,-0.42665336858709313,0.7500971552654602
610,0.01933871678942301,0.9920317455237933,-0.5578736768246081,1.3645483807231515,1.5881748845702586,-0.7891584945343187,-1.1984266170552789,-0.8300489893552743,-1.4534545309448759,0.2711693907027721,0.26442067219687293,0.5166058589505277,-0.43112226632230105,-1.148806863442157,0.9980019960059882,-0.4250147577130797,-0.42665336858709313,-0.32300320992117804
611,0.735587486768073,-1.0080322575483704,0.8429390710086828,-0.4911384470961842,-1.5657469956442884,0.3153320506501721,0.8836210150768942,0.888478938916515,-0.10391457649280908,0.2711693907027721,-0.2876057833289577,1.2213887497425162,-1.3292936544937617,-1.148806863442157,0.9980019960059882,-0.4250147577130797,-0.42665336858709313,-0.32300320992117804
612,0.735587486768073,0.9920317455237933,-0.3244048855190596,-0.4911384470961842,1.5881748845702586,-0.7891584945343187,-1.1984266170552789,-0.8300489893552743,1.2456253779592577,-1.1712209853758033,0.8164471277227036,-1.597742813425438,0.4670491218491595,0.06173777664441539,-1.0020020040060118,-0.4250147577130797,-0.42665336858709313,-1.3961035751078161
613,1.8099606417360476,0.9920317455237933,-0.5578736768246081,-1.7282629989757414,0.8873033556336926,-0.23691322194207332,-0.7820170906288442,-0.8300489893552743,-0.10391457649280908,0.2711693907027721,1.3684735832485342,-0.8929599226334495,0.4670491218491595,0.06173777664441539,-1.0020020040060118,-0.4250147577130797,-0.42665336858709313,0.7500971552654602
614,2.1680850267253726,-1.0080322575483704,-1.7252176333523506,-1.1097007230359628,-0.5144397022394394,-0.7891584945343187,0.05080196222402497,0.888478938916515,-0.10391457649280908,0.2711693907027721,-0.2876057833289577,0.868997304346522,-1.3292936544937617,1.2722824167309879,0.9980019960059882,2.352859475705742,-0.42665336858709313,-1.3961035751078161
615,-0.3387856681999019,0.9920317455237933,-0.3244048855190596,-1.1097007230359628,0.5368675911654095,0.3153320506501721,0.8836210150768942,0.888478938916515,1.2456253779592577,-1.1712209853758033,-0.2876057833289577,-0.5405684772374552,1.36522051002062,1.2722824167309879,0.9980019960059882,-0.4250147577130797,-0.42665336858709313,-0.32300320992117804
616,-0.6969100531892269,0.9920317455237933,-1.024811259435705,0.7459861047833729,1.2377391201019754,-0.23691322194207332,0.05080196222402497,0.31563629615925193,-0.10391457649280908,-1.1712209853758033,0.26442067219687293,0.868997304346522,1.36522051002062,1.2722824167309879,-1.0020020040060118,-0.4250147577130797,2.3438230508096156,-0.32300320992117804
617,-1.055034438178552,-1.0080322575483704,-0.9080768637829308,0.7459861047833729,-1.5657469956442884,-0.23691322194207332,-0.7820170906288442,-0.8300489893552743,-0.10391457649280908,0.2711693907027721,-0.2876057833289577,-0.8929599226334495,0.4670491218491595,-1.148806863442157,-1.0020020040060118,-0.4250147577130797,-0.42665336858709313,-1.3961035751078161
618,0.377463101778748,0.9920317455237933,-0.7913424681301566,-1.7282629989757414,-0.5144397022394394,-0.7891584945343187,-0.36560756420240964,0.31563629615925193,-1.4534545309448759,1.7135597667813476,-0.8396322388547883,1.5737801951385104,0.4670491218491595,0.06173777664441539,0.9980019960059882,-0.4250147577130797,-0.42665336858709313,-0.32300320992117804
619,-1.055034438178552,-1.0080322575483704,-1.2582800507412535,1.3645483807231515,0.8873033556336926,-0.23691322194207332,0.05080196222402497,0.31563629615925193,-1.4534545309448759,-1.1712209853758033,1.3684735832485342,1.5737801951385104,-1.3292936544937617,0.06173777664441539,0.9980019960059882,-0.4250147577130797,-0.42665336858709313,0.7500971552654602
620,0.01933871678942301,-1.0080322575483704,-1.1415456550884793,-1.7282629989757414,0.5368675911654095,-0.7891584945343187,-1.1984266170552789,-0.8300489893552743,-1.4534545309448759,-1.1712209853758033,1.3684735832485342,0.1642144135545334,0.4670491218491595,1.2722824167309879,-1.0020020040060118,-0.4250147577130797,2.3438230508096156,-0.32300320992117804
621,2.1680850267253726,-1.0080322575483704,-0.7913424681301566,-0.4911384470961842,0.5368675911654095,-0.7891584945343187,0.4672114886504596,1.4613215816737781,-1.4534545309448759,-1.1712209853758033,0.26442067219687293,-0.5405684772374552,0.4670491218491595,-1.148806863442157,-1.0020020040060118,-0.4250147577130797,-0.42665336858709313,0.7500971552654602
622,-0.6969100531892269,0.9920317455237933,0.14253269709203736,0.12742382884359435,1.5881748845702586,-0.7891584945343187,-1.1984266170552789,-0.8300489893552743,-0.10391457649280908,0.2711693907027721,0.26442067219687293,1.5737801951385104,0.4670491218491595,0.06173777664441539,-1.0020020040060118,-0.4250147577130797,2.3438230508096156,0.7500971552654602
623,-0.3387856681999019,0.9920317455237933,-1.2582800507412535,1.3645483807231515,-1.2153112311760055,-0.7891584945343187,-1.1984266170552789,-0.8300489893552743,-0.10391457649280908,1.7135597667813476,-1.391658694380619,-0.18817703184146087,0.4670491218491595,-1.148806863442157,0.9980019960059882,-0.4250147577130797,-0.42665336858709313,-0.32300320992117804
624,1.093711871757398,-1.0080322575483704,-1.2582800507412535,0.12742382884359435,-0.8648754667077224,0.3153320506501721,0.05080196222402497,-0.25720634659801117,1.2456253779592577,0.2711693907027721,0.8164471277227036,-0.18817703184146087,-0.43112226632230105,0.06173777664441539,0.9980019960059882,-0.4250147577130797,-0.42665336858709313,-0.32300320992117804
625,0.01933871678942301,0.9920317455237933,0.959673466661457,-0.4911384470961842,-1.2153112311760055,0.3153320506501721,-0.36560756420240964,-0.8300489893552743,1.2456253779592577,1.7135597667813476,0.8164471277227036,-0.8929599226334495,0.4670491218491595,1.2722824167309879,-1.0020020040060118,-0.4250147577130797,-0.42665336858709313,0.7500971552654602
626,0.735587486768073,0.9920317455237933,-0.20767048986628536,0.7459861047833729,0.5368675911654095,0.3153320506501721,0.05080196222402497,-0.25720634659801117,1.2456253779592577,-1.1712209853758033,1.3684735832485342,1.5737801951385104,0.4670491218491595,0.06173777664441539,-1.0020020040060118,-0.4250147577130797,-0.42665336858709313,-0.32300320992117804
627,-1.055034438178552,-1.0080322575483704,1.5433454449253283,-1.1097007230359628,-0.8648754667077224,0.8675773232424175,0.05080196222402497,-0.8300489893552743,1.2456253779592577,1.7135597667813476,1.3684735832485342,-0.8929599226334495,-0.43112226632230105,-1.148806863442157,-1.0020020040060118,-0.4250147577130797,-0.42665336858709313,-0.32300320992117804
628,-1.7712832081572016,-1.0080322575483704,-0.7913424681301566,1.3645483807231515,0.18643182669712655,-0.7891584945343187,-1.1984266170552789,-0.8300489893552743,-0.10391457649280908,0.2711693907027721,0.8164471277227036,-1.2453513680294437,1.36522051002062,0.06173777664441539,-1.0020020040060118,-0.4250147577130797,-0.42665336858709313,-0.32300320992117804
629,0.377463101778748,-1.0080322575483704,-0.7913424681301566,1.3645483807231515,0.8873033556336926,-0.23691322194207332,0.05080196222402497,0.31563629615925193,-0.10391457649280908,0.2711693907027721,0.8164471277227036,0.1642144135545334,-1.3292936544937617,1.2722824167309879,-1.0020020040060118,-0.4250147577130797,2.3438230508096156,-1.3961035751078161
630,-0.6969100531892269,0.9920317455237933,0.7262046753559086,0.12742382884359435,1.5881748845702586,0.8675773232424175,0.05080196222402497,-0.8300489893552743,1.2456253779592577,1.7135597667813476,0.8164471277227036,0.5166058589505277,-0.43112226632230105,0.06173777664441539,0.9980019960059882,-0.4250147577130797,2.3438230508096156,-0.32300320992117804
631,-1.7712832081572016,0.9920317455237933,0.959673466661457,0.7459861047833729,0.18643182669712655,-0.7891584945343187,-0.7820170906288442,-0.25720634659801117,-0.10391457649280908,0.2711693907027721,-0.2876057833289577,1.2213887497425162,-1.3292936544937617,0.06173777664441539,-1.0020020040060118,-0.4250147577130797,-0.42665336858709313,-0.32300320992117804
632,-1.055034438178552,-1.0080322575483704,-1.024811259435705,-0.4911384470961842,-0.5144397022394394,-0.23691322194207332,-0.7820170906288442,-0.8300489893552743,1.2456253779592577,0.2711693907027721,1.3684735832485342,-0.18817703184146087,1.36522051002062,-1.148806863442157,0.9980019960059882,-0.4250147577130797,-0.42665336858709313,-1.3961035751078161
633,-0.3387856681999019,0.9920317455237933,0.37600148839758585,1.3645483807231515,0.8873033556336926,0.3153320506501721,-0.36560756420240964,-0.8300489893552743,-0.10391457649280908,1.7135597667813476,1.3684735832485342,0.5166058589505277,-0.43112226632230105,-1.148806863442157,0.9980019960059882,-0.4250147577130797,-0.42665336858709313,-1.3961035751078161
634,-0.3387856681999019,0.9920317455237933,-0.3244048855190596,-0.4911384470961842,-0.16400393777115643,-0.23691322194207332,0.8836210150768942,1.4613215816737781,-0.10391457649280908,-1.1712209853758033,0.26442067219687293,-1.597742813425438,-0.43112226632230105,1.2722824167309879,0.9980019960059882,-0.4250147577130797,-0.42665336858709313,-0.32300320992117804
635,-0.6969100531892269,-1.0080322575483704,-0.9080768637829308,1.3645483807231515,0.18643182669712655,-0.23691322194207332,-0.36560756420240964,-0.25720634659801117,-0.10391457649280908,0.2711693907027721,-0.2876057833289577,1.2213887497425162,0.4670491218491595,-1.148806863442157,-1.0020020040060118,-0.4250147577130797,-0.42665336858709313,-1.3961035751078161
636,1.451836256746723,0.9920317455237933,1.426611049272554,-0.4911384470961842,0.5368675911654095,-0.7891584945343187,0.8836210150768942,2.0341642244310414,-0.10391457649280908,0.2711693907027721,1.3684735832485342,1.5737801951385104,-0.43112226632230105,-1.148806863442157,0.9980019960059882,-0.4250147577130797,-0.42665336858709313,-0.32300320992117804
637,1.451836256746723,0.9920317455237933,-1.375014446394028,1.3645483807231515,0.5368675911654095,-0.7891584945343187,-1.1984266170552789,-0.8300489893552743,-0.10391457649280908,1.7135597667813476,0.26442067219687293,-0.8929599226334495,0.4670491218491595,-1.148806863442157,0.9980019960059882,2.352859475705742,-0.42665336858709313,-0.32300320992117804
638,-0.3387856681999019,0.9920317455237933,1.30987665361978,0.7459861047833729,1.5881748845702586,-0.7891584945343187,0.8836210150768942,2.0341642244310414,-0.10391457649280908,0.2711693907027721,0.26442067219687293,-1.597742813425438,-0.43112226632230105,1.2722824167309879,0.9980019960059882,-0.4250147577130797,2.3438230508096156,-0.32300320992117804
639,1.093711871757398,-1.0080322575483704,-1.2582800507412535,1.3645483807231515,-1.5657469956442884,0.3153320506501721,0.8836210150768942,0.888478938916515,-1.4534545309448759,0.2711693907027721,-0.8396322388547883,-1.597742813425438,-1.3292936544937617,0.06173777664441539,0.9980019960059882,-0.4250147577130797,-0.42665336858709313,0.7500971552654602
640,1.451836256746723,0.9920317455237933,-0.5578736768246081,-1.7282629989757414,0.8873033556336926,0.8675773232424175,1.3000305415033289,0.888478938916515,-1.4534545309448759,0.2711693907027721,-0.8396322388547883,1.2213887497425162,-1.3292936544937617,-1.148806863442157,-1.0020020040060118,-0.4250147577130797,-0.42665336858709313,0.7500971552654602
641,-0.3387856681999019,0.9920317455237933,0.025798301439263118,0.7459861047833729,-0.8648754667077224,-0.7891584945343187,-1.1984266170552789,-0.8300489893552743,-0.10391457649280908,0.2711693907027721,-0.8396322388547883,0.5166058589505277,0.4670491218491595,1.2722824167309879,0.9980019960059882,-0.4250147577130797,2.3438230508096156,-1.3961035751078161
642,0.377463101778748,0.9920317455237933,0.6094702797031344,0.12742382884359435,0.5368675911654095,-0.7891584945343187,1.3000305415033289,2.6070068671883044,-0.10391457649280908,-1.1712209853758033,-1.391658694380619,0.868997304346522,1.36522051002062,-1.148806863442157,0.9980019960059882,-0.4250147577130797,-0.42665336858709313,-0.32300320992117804
643,-0.3387856681999019,-1.0080322575483704,-0.4411392811718339,1.3645483807231515,1.2377391201019754,0.3153320506501721,-0.36560756420240964,-0.8300489893552743,-1.4534545309448759,-1.1712209853758033,-0.2876057833289577,-0.5405684772374552,-1.3292936544937617,-1.148806863442157,-1.0020020040060118,-0.4250147577130797,-0.42665336858709313,-0.32300320992117804
644,-0.6969100531892269,-1.0080322575483704,-0.20767048986628536,1.3645483807231515,1.5881748845702586,-0.7891584945343187,-0.7820170906288442,-0.25720634659801117,-0.10391457649280908,0.2711693907027721,1.3684735832485342,-0.5405684772374552,-1.3292936544937617,-1.148806863442157,-1.0020020040060118,-0.4250147577130797,-0.42665336858709313,-0.32300320992117804
645,-1.055034438178552,-1.0080322575483704,-1.4917488420468021,-0.4911384470961842,-0.8648754667077224,-0.7891584945343187,0.05080196222402497,0.888478938916515,1.2456253779592577,-1.1712209853758033,-0.8396322388547883,1.5737801951385104,1.36522051002062,-1.148806863442157,0.9980019960059882,-0.4250147577130797,-0.42665336858709313,-0.32300320992117804
646,0.377463101778748,-1.0080322575483704,0.959673466661457,-0.4911384470961842,-0.5144397022394394,1.4198225958346629,0.4672114886504596,-0.8300489893552743,1.2456253779592577,0.2711693907027721,0.8164471277227036,0.868997304346522,0.4670491218491595,-1.148806863442157,0.9980019960059882,-0.4250147577130797,-0.42665336858709313,-0.32300320992117804
647,0.01933871678942301,-1.0080322575483704,1.1931422579670057,1.3645483807231515,0.18643182669712655,1.9720678684269082,0.8836210150768942,-0.8300489893552743,-1.4534545309448759,-1.1712209853758033,-0.8396322388547883,-1.597742813425438,1.36522051002062,-1.148806863442157,-1.0020020040060118,-0.4250147577130797,-0.42665336858709313,-1.3961035751078161
648,0.01933871678942301,0.9920317455237933,0.8429390710086828,-0.4911384470961842,1.2377391201019754,-0.23691322194207332,0.05080196222402497,0.31563629615925193,-0.10391457649280908,-1.1712209853758033,0.26442067219687293,-1.597742813425438,-0.43112226632230105,0.06173777664441539,0.9980019960059882,-0.4250147577130797,-0.42665336858709313,0.7500971552654602
649,0.377463101778748,-1.0080322575483704,-1.375014446394028,0.7459861047833729,0.5368675911654095,-0.7891584945343187,1.7164400679297633,3.1798495099455675,-0.10391457649280908,-1.1712209853758033,0.26442067219687293,1.5737801951385104,0.4670491218491595,1.2722824167309879,-1.0020020040060118,-0.4250147577130797,-0.42665336858709313,-1.3961035751078161
650,0.01933871678942301,-1.0080322575483704,-1.2582800507412535,-1.1097007230359628,-1.2153112311760055,0.8675773232424175,0.05080196222402497,-0.8300489893552743,1.2456253779592577,0.2711693907027721,-1.391658694380619,-0.8929599226334495,0.4670491218491595,0.06173777664441539,0.9980019960059882,-0.4250147577130797,-0.42665336858709313,-0.32300320992117804
651,-1.7712832081572016,-1.0080322575483704,-0.4411392811718339,0.7459861047833729,-0.5144397022394394,-0.7891584945343187,-1.1984266170552789,-0.8300489893552743,-0.10391457649280908,-1.1712209853758033,-1.391658694380619,-0.5405684772374552,-0.43112226632230105,0.06173777664441539,0.9980019960059882,-0.4250147577130797,-0.42665336858709313,0.7500971552654602
652,0.01933871678942301,0.9920317455237933,0.14253269709203736,-0.4911384470961842,1.2377391201019754,-0.7891584945343187,-0.7820170906288442,-0.25720634659801117,-0.10391457649280908,0.2711693907027721,-1.391658694380619,-0.5405684772374552,-0.43112226632230105,-1.148806863442157,-1.0020020040060118,2.352859475705742,-0.42665336858709313,-0.32300320992117804
653,0.735587486768073,0.9920317455237933,-1.024811259435705,1.3645483807231515,-0.8648754667077224,0.8675773232424175,1.3000305415033289,0.888478938916515,-1.4534545309448759,0.2711693907027721,1.3684735832485342,-0.18817703184146087,1.36522051002062,1.2722824167309879,-1.0020020040060118,-0.4250147577130797,-0.42665336858709313,0.7500971552654602
654,1.8099606417360476,-1.0080322575483704,1.1931422579670057,-1.1097007230359628,1.2377391201019754,-0.23691322194207332,-0.7820170906288442,-0.8300489893552743,-1.4534545309448759,-1.1712209853758033,-0.2876057833289577,0.868997304346522,1.36522051002062,1.2722824167309879,-1.0020020040060118,-0.4250147577130797,-0.42665336858709313,0.7500971552654602
655,-0.3387856681999019,0.9920317455237933,0.6094702797031344,1.3645483807231515,-1.2153112311760055,-0.7891584945343187,-1.1984266170552789,-0.8300489893552743,-0.10391457649280908,1.7135597667813476,-0.8396322388547883,-0.5405684772374552,-0.43112226632230105,1.2722824167309879,-1.0020020040060118,-0.4250147577130797,-0.42665336858709313,-0.32300320992117804
656,1.093711871757398,0.9920317455237933,0.25926709274481163,0.12742382884359435,0.5368675911654095,0.3153320506501721,2.132849594356198,2.6070068671883044,-0.10391457649280908,-1.1712209853758033,0.8164471277227036,0.1642144135545334,-0.43112226632230105,1.2722824167309879,0.9980019960059882,-0.4250147577130797,-0.42665336858709313,-0.32300320992117804
657,-0.3387856681999019,-1.0080322575483704,-0.20767048986628536,1.3645483807231515,-0.16400393777115643,-0.7891584945343187,-1.1984266170552789,-0.8300489893552743,1.2456253779592577,0.2711693907027721,1.3684735832485342,0.1642144135545334,1.36522051002062,-1.148806863442157,-1.0020020040060118,-0.4250147577130797,-0.42665336858709313,0.7500971552654602
658,0.01933871678942301,0.9920317455237933,-1.7252176333523506,-1.7282629989757414,-1.5657469956442884,-0.23691322194207332,0.05080196222402497,0.31563629615925193,1.2456253779592577,0.2711693907027721,1.3684735832485342,-0.8929599226334495,-0.43112226632230105,0.06173777664441539,-1.0020020040060118,-0.4250147577130797,-0.42665336858709313,0.7500971552654602
659,-1.055034438178552,0.9920317455237933,-0.09093609421351112,0.12742382884359435,0.8873033556336926,-0.23691322194207332,0.05080196222402497,0.31563629615925193,-0.10391457649280908,-1.1712209853758033,0.8164471277227036,0.1642144135545334,0.4670491218491595,-1.148806863442157,0.9980019960059882,-0.4250147577130797,2.3438230508096156,-1.3961035751078161
660,0.01933871678942301,-1.0080322575483704,1.1931422579670057,0.7459861047833729,0.18643182669712655,1.9720678684269082,0.8836210150768942,-0.8300489893552743,-1.4534545309448759,0.2711693907027721,1.3684735832485342,1.5737801951385104,1.36522051002062,-1.148806863442157,-1.0020020040060118,-0.4250147577130797,-0.42665336858709313,-0.32300320992117804
661,0.735587486768073,0.9920317455237933,0.6094702797031344,1.3645483807231515,0.8873033556336926,1.9720678684269082,2.132849594356198,0.888478938916515,-0.10391457649280908,1.7135597667813476,-0.8396322388547883,0.5166058589505277,1.36522051002062,-1.148806863442157,0.9980019960059882,-0.4250147577130797,-0.42665336858709313,-1.3961035751078161
662,-1.4131588231678769,0.9920317455237933,1.1931422579670057,1.3645483807231515,0.5368675911654095,-0.23691322194207332,-0.7820170906288442,-0.8300489893552743,1.2456253779592577,-1.1712209853758033,-0.8396322388547883,0.5166058589505277,1.36522051002062,-1.148806863442157,0.9980019960059882,-0.4250147577130797,-0.42665336858709313,0.7500971552654602
663,-1.055034438178552,-1.0080322575483704,-0.6746080724773823,1.3645483807231515,0.5368675911654095,-0.7891584945343187,0.05080196222402497,0.888478938916515,1.2456253779592577,-1.1712209853758033,-1.391658694380619,-1.2453513680294437,1.36522051002062,0.06173777664441539,0.9980019960059882,-0.4250147577130797,-0.42665336858709313,1.8231975204520983
664,-0.6969100531892269,-1.0080322575483704,-0.4411392811718339,0.12742382884359435,0.18643182669712655,-0.23691322194207332,-0.36560756420240964,-0.25720634659801117,-0.10391457649280908,0.2711693907027721,-0.2876057833289577,-1.597742813425438,-0.43112226632230105,1.2722824167309879,-1.0020020040060118,-0.4250147577130797,-0.42665336858709313,-0.32300320992117804
665,1.451836256746723,-1.0080322575483704,0.7262046753559086,-1.7282629989757414,0.18643182669712655,1.4198225958346629,0.8836210150768942,-0.25720634659801117,-0.10391457649280908,-1.1712209853758033,0.26442067219687293,-0.8929599226334495,0.4670491218491595,0.06173777664441539,-1.0020020040060118,-0.4250147577130797,-0.42665336858709313,-1.3961035751078161
666,1.093711871757398,0.9920317455237933,-1.375014446394028,1.3645483807231515,0.18643182669712655,1.4198225958346629,2.132849594356198,1.4613215816737781,-1.4534545309448759,0.2711693907027721,0.26442067219687293,0.5166058589505277,-0.43112226632230105,-1.148806863442157,0.9980019960059882,-0.4250147577130797,2.3438230508096156,-0.32300320992117804
667,-1.7712832081572016,0.9920317455237933,-0.7913424681301566,-0.4911384470961842,1.5881748845702586,-0.7891584945343187,-1.1984266170552789,-0.8300489893552743,-1.4534545309448759,-1.1712209853758033,0.8164471277227036,-0.8929599226334495,1.36522051002062,0.06173777664441539,-1.0020020040060118,-0.4250147577130797,-0.42665336858709313,-1.3961035751078161
668,-1.7712832081572016,-1.0080322575483704,-0.4411392811718339,1.3645483807231515,-0.8648754667077224,-0.23691322194207332,-0.7820170906288442,-0.8300489893552743,-0.10391457649280908,0.2711693907027721,-1.391658694380619,0.868997304346522,-0.43112226632230105,1.2722824167309879,0.9980019960059882,-0.4250147577130797,-0.42665336858709313,-0.32300320992117804
669,-1.4131588231678769,-1.0080322575483704,0.025798301439263118,0.7459861047833729,0.8873033556336926,-0.7891584945343187,-0.36560756420240964,0.31563629615925193,-1.4534545309448759,0.2711693907027721,0.8164471277227036,1.5737801951385104,0.4670491218491595,1.2722824167309879,-1.0020020040060118,-0.4250147577130797,-0.42665336858709313,-0.32300320992117804
670,2.1680850267253726,-1.0080322575483704,1.30987665361978,-1.1097007230359628,0.8873033556336926,2.5243131410191535,2.5492591207826325,0.888478938916515,1.2456253779592577,1.7135597667813476,0.8164471277227036,-0.18817703184146087,1.36522051002062,0.06173777664441539,0.9980019960059882,-0.4250147577130797,2.3438230508096156,1.8231975204520983
671,-1.4131588231678769,-1.0080322575483704,1.30987665361978,1.3645483807231515,1.2377391201019754,-0.7891584945343187,-0.7820170906288442,-0.25720634659801117,-0.10391457649280908,-1.1712209853758033,-1.391658694380619,-0.8929599226334495,-1.3292936544937617,-1.148806863442157,0.9980019960059882,-0.4250147577130797,-0.42665336858709313,0.7500971552654602
672,0.01933871678942301,0.9920317455237933,0.7262046753559086,-1.7282629989757414,-0.5144397022394394,-0.7891584945343187,1.3000305415033289,2.6070068671883044,-0.10391457649280908,0.2711693907027721,-0.2876057833289577,-0.5405684772374552,-0.43112226632230105,1.2722824167309879,-1.0020020040060118,-0.4250147577130797,-0.42665336858709313,-1.3961035751078161
673,0.377463101778748,-1.0080322575483704,-0.4411392811718339,-1.1097007230359628,0.5368675911654095,-0.23691322194207332,0.8836210150768942,1.4613215816737781,1.2456253779592577,0.2711693907027721,-0.2876057833289577,-0.8929599226334495,0.4670491218491595,-1.148806863442157,0.9980019960059882,-0.4250147577130797,-0.42665336858709313,1.8231975204520983
674,-1.055034438178552,-1.0080322575483704,1.6600798405781025,0.12742382884359435,0.8873033556336926,-0.7891584945343187,-0.36560756420240964,0.31563629615925193,-1.4534545309448759,-1.1712209853758033,-1.391658694380619,-1.2453513680294437,1.36522051002062,-1.148806863442157,-1.0020020040060118,-0.4250147577130797,-0.42665336858709313,-0.32300320992117804
675,-1.7712832081572016,-1.0080322575483704,1.6600798405781025,1.3645483807231515,0.18643182669712655,-0.7891584945343187,-1.1984266170552789,-0.8300489893552743,1.2456253779592577,-1.1712209853758033,1.3684735832485342,-1.597742813425438,-1.3292936544937617,1.2722824167309879,-1.0020020040060118,-0.4250147577130797,-0.42665336858709313,0.7500971552654602
676,-0.6969100531892269,-1.0080322575483704,1.0764078623142312,1.3645483807231515,-0.8648754667077224,-0.7891584945343187,-1.1984266170552789,-0.8300489893552743,-0.10391457649280908,0.2711693907027721,0.8164471277227036,0.5166058589505277,0.4670491218491595,-1.148806863442157,0.9980019960059882,-0.4250147577130797,-0.42665336858709313,0.7500971552654602
677,0.735587486768073,0.9920317455237933,-1.024811259435705,0.7459861047833729,-1.2153112311760055,0.8675773232424175,1.7164400679297633,1.4613215816737781,-1.4534545309448759,-1.1712209853758033,0.8164471277227036,-0.18817703184146087,1.36522051002062,1.2722824167309879,0.9980019960059882,-0.4250147577130797,2.3438230508096156,-0.32300320992117804
678,0.377463101778748,-1.0080322575483704,-0.5578736768246081,-0.4911384470961842,0.8873033556336926,0.8675773232424175,1.3000305415033289,0.888478938916515,-0.10391457649280908,-1.1712209853758033,0.8164471277227036,0.5166058589505277,-1.3292936544937617,1.2722824167309879,0.9980019960059882,-0.4250147577130797,-0.42665336858709313,-0.32300320992117804
679,0.01933871678942301,-1.0080322575483704,0.37600148839758585,0.7459861047833729,-1.2153112311760055,0.3153320506501721,-0.36560756420240964,-0.8300489893552743,1.2456253779592577,-1.1712209853758033,-0.8396322388547883,0.868997304346522,-0.43112226632230105,0.06173777664441539,-1.0020020040060118,2.352859475705742,-0.42665336858709313,0.7500971552654602
680,-1.4131588231678769,0.9920317455237933,-1.1415456550884793,0.7459861047833729,-0.5144397022394394,-0.7891584945343187,-1.1984266170552789,-0.8300489893552743,-0.10391457649280908,-1.1712209853758033,1.3684735832485342,-0.5405684772374552,1.36522051002062,-1.148806863442157,-1.0020020040060118,-0.4250147577130797,-0.42665336858709313,1.8231975204520983
681,0.377463101778748,-1.0080322575483704,1.5433454449253283,1.3645483807231515,0.5368675911654095,-0.7891584945343187,-1.1984266170552789,-0.8300489893552743,1.2456253779592577,-1.1712209853758033,-1.391658694380619,0.868997304346522,-1.3292936544937617,-1.148806863442157,-1.0020020040060118,-0.4250147577130797,-0.42665336858709313,-0.32300320992117804
682,-0.6969100531892269,0.9920317455237933,1.0764078623142312,-0.4911384470961842,-0.5144397022394394,-0.7891584945343187,-1.1984266170552789,-0.8300489893552743,1.2456253779592577,0.2711693907027721,0.8164471277227036,-0.5405684772374552,1.36522051002062,1.2722824167309879,-1.0020020040060118,-0.4250147577130797,-0.42665336858709313,-0.32300320992117804
683,0.01933871678942301,-1.0080322575483704,-1.6084832376995764,1.3645483807231515,-0.5144397022394394,-0.7891584945343187,-0.36560756420240964,0.31563629615925193,-1.4534545309448759,0.2711693907027721,-0.8396322388547883,-0.5405684772374552,1.36522051002062,1.2722824167309879,-1.0020020040060118,-0.4250147577130797,-0.42665336858709313,-1.3961035751078161
684,0.735587486768073,0.9920317455237933,1.1931422579670057,0.7459861047833729,0.18643182669712655,-0.7891584945343187,-0.7820170906288442,-0.25720634659801117,-0.10391457649280908,0.2711693907027721,-0.2876057833289577,-0.18817703184146087,1.36522051002062,1.2722824167309879,-1.0020020040060118,-0.4250147577130797,-0.42665336858709313,1.8231975204520983
685,0.735587486768073,-1.0080322575483704,0.6094702797031344,-0.4911384470961842,1.2377391201019754,-0.7891584945343187,-1.1984266170552789,-0.8300489893552743,-0.10391457649280908,1.7135597667813476,0.26442067219687293,-0.5405684772374552,-0.43112226632230105,1.2722824167309879,0.9980019960059882,-0.4250147577130797,-0.42665336858709313,-0.32300320992117804
686,-0.3387856681999019,-1.0080322575483704,1.5433454449253283,0.7459861047833729,-0.5144397022394394,-0.7891584945343187,0.8836210150768942,2.0341642244310414,-0.10391457649280908,0.2711693907027721,-1.391658694380619,-1.597742813425438,-1.3292936544937617,0.06173777664441539,-1.0020020040060118,2.352859475705742,-0.42665336858709313,-1.3961035751078161
687,0.01933871678942301,0.9920317455237933,0.14253269709203736,-0.4911384470961842,-0.16400393777115643,-0.7891584945343187,0.8836210150768942,2.0341642244310414,-0.10391457649280908,-1.1712209853758033,-1.391658694380619,-0.18817703184146087,0.4670491218491595,0.06173777664441539,-1.0020020040060118,-0.4250147577130797,-0.42665336858709313,-0.32300320992117804
688,-0.3387856681999019,-1.0080322575483704,-0.20767048986628536,-1.1097007230359628,-0.16400393777115643,-0.7891584945343187,-0.36560756420240964,0.31563629615925193,1.2456253779592577,0.2711693907027721,0.8164471277227036,0.868997304346522,-1.3292936544937617,-1.148806863442157,0.9980019960059882,-0.4250147577130797,-0.42665336858709313,-0.32300320992117804
689,0.377463101778748,-1.0080322575483704,1.1931422579670057,1.3645483807231515,0.8873033556336926,0.8675773232424175,1.3000305415033289,0.888478938916515,-0.10391457649280908,0.2711693907027721,-0.8396322388547883,-0.18817703184146087,-1.3292936544937617,0.06173777664441539,-1.0020020040060118,-0.4250147577130797,-0.42665336858709313,0.7500971552654602
690,-0.6969100531892269,-1.0080322575483704,1.0764078623142312,-0.4911384470961842,-0.5144397022394394,0.8675773232424175,0.05080196222402497,-0.8300489893552743,-0.10391457649280908,-1.1712209853758033,0.26442067219687293,-0.18817703184146087,1.36522051002062,1.2722824167309879,-1.0020020040060118,2.352859475705742,-0.42665336858709313,-0.32300320992117804
691,1.093711871757398,-1.0080322575483704,-1.024811259435705,1.3645483807231515,0.5368675911654095,-0.7891584945343187,-1.1984266170552789,-0.8300489893552743,-0.10391457649280908,0.2711693907027721,1.3684735832485342,0.1642144135545334,-0.43112226632230105,1.2722824167309879,0.9980019960059882,-0.4250147577130797,-0.42665336858709313,0.7500971552654602
692,-0.3387856681999019,-1.0080322575483704,-0.9080768637829308,-0.4911384470961842,0.18643182669712655,1.4198225958346629,0.4672114886504596,-0.8300489893552743,-0.10391457649280908,1.7135597667813476,-1.391658694380619,0.5166058589505277,1.36522051002062,-1.148806863442157,0.9980019960059882,2.352859475705742,-0.42665336858709313,-0.32300320992117804
693,0.377463101778748,0.9920317455237933,1.30987665361978,1.3645483807231515,0.18643182669712655,3.076558413611399,1.7164400679297633,-0.8300489893552743,-0.10391457649280908,-1.1712209853758033,1.3684735832485342,1.5737801951385104,-0.43112226632230105,-1.148806863442157,-1.0020020040060118,-0.4250147577130797,-0.42665336858709313,-1.3961035751078161
694,-0.6969100531892269,-1.0080322575483704,0.025798301439263118,0.12742382884359435,1.5881748845702586,-0.7891584945343187,-0.7820170906288442,-0.25720634659801117,-0.10391457649280908,-1.1712209853758033,0.26442067219687293,1.2213887497425162,-0.43112226632230105,0.06173777664441539,-1.0020020040060118,-0.4250147577130797,-0.42665336858709313,1.8231975204520983
695,2.1680850267253726,0.9920317455237933,-1.7252176333523506,-1.7282629989757414,0.8873033556336926,-0.7891584945343187,0.8836210150768942,2.0341642244310414,-1.4534545309448759,-1.1712209853758033,0.8164471277227036,-0.8929599226334495,0.4670491218491595,-1.148806863442157,0.9980019960059882,-0.4250147577130797,-0.42665336858709313,0.7500971552654602
696,-0.3387856681999019,0.9920317455237933,-0.4411392811718339,1.3645483807231515,1.5881748845702586,-0.23691322194207332,0.05080196222402497,0.31563629615925193,-0.10391457649280908,-1.1712209853758033,0.26442067219687293,1.5737801951385104,1.36522051002062,0.06173777664441539,-1.0020020040060118,2.352859475705742,-0.42665336858709313,-0.32300320992117804
697,-0.3387856681999019,0.9920317455237933,1.30987665361978,-1.7282629989757414,-0.5144397022394394,-0.7891584945343187,0.8836210150768942,2.0341642244310414,-0.10391457649280908,-1.1712209853758033,-0.8396322388547883,0.1642144135545334,1.36522051002062,1.2722824167309879,-1.0020020040060118,-0.4250147577130797,-0.42665336858709313,-0.32300320992117804
698,2.1680850267253726,-1.0080322575483704,1.6600798405781025,-0.4911384470961842,-1.5657469956442884,2.5243131410191535,2.132849594356198,0.31563629615925193,-0.10391457649280908,-1.1712209853758033,-0.8396322388547883,-0.8929599226334495,-0.43112226632230105,0.06173777664441539,0.9980019960059882,-0.4250147577130797,2.3438230508096156,-1.3961035751078161
699,0.01933871678942301,-1.0080322575483704,-0.9080768637829308,0.7459861047833729,-1.5657469956442884,-0.23691322194207332,0.4672114886504596,0.888478938916515,-1.4534545309448759,1.7135597667813476,0.8164471277227036,1.2213887497425162,-1.3292936544937617,1.2722824167309879,-1.0020020040060118,-0.4250147577130797,2.3438230508096156,-1.3961035751078161
700,0.735587486768073,-1.0080322575483704,0.025798301439263118,0.7459861047833729,-0.16400393777115643,-0.7891584945343187,-0.7820170906288442,-0.25720634659801117,-0.10391457649280908,0.2711693907027721,1.3684735832485342,0.5166058589505277,0.4670491218491595,0.06173777664441539,-1.0020020040060118,-0.4250147577130797,-0.42665336858709313,-0.32300320992117804
701,-0.3387856681999019,0.9920317455237933,0.8429390710086828,1.3645483807231515,-0.5144397022394394,-0.7891584945343187,-0.36560756420240964,0.31563629615925193,-1.4534545309448759,0.2711693907027721,1.3684735832485342,0.5166058589505277,1.36522051002062,-1.148806863442157,-1.0020020040060118,-0.4250147577130797,-0.42665336858709313,0.7500971552654602
702,0.01933871678942301,-1.0080322575483704,0.8429390710086828,-1.1097007230359628,-0.5144397022394394,-0.7891584945343187,-0.36560756420240964,0.31563629615925193,-0.10391457649280908,1.7135597667813476,-0.2876057833289577,1.5737801951385104,1.36522051002062,1.2722824167309879,-1.0020020040060118,-0.4250147577130797,2.3438230508096156,-0.32300320992117804
703,1.451836256746723,0.9920317455237933,0.6094702797031344,0.12742382884359435,-1.2153112311760055,-0.7891584945343187,-1.1984266170552789,-0.8300489893552743,-0.10391457649280908,0.2711693907027721,-0.8396322388547883,0.1642144135545334,1.36522051002062,1.2722824167309879,0.9980019960059882,-0.4250147577130797,-0.42665336858709313,0.7500971552654602
704,0.735587486768073,-1.0080322575483704,1.6600798405781025,-0.4911384470961842,1.2377391201019754,-0.7891584945343187,-0.36560756420240964,0.31563629615925193,-0.10391457649280908,0.2711693907027721,-0.8396322388547883,-1.2453513680294437,0.4670491218491595,0.06173777664441539,-1.0020020040060118,-0.4250147577130797,-0.42665336858709313,1.8231975204520983
705,-1.4131588231678769,-1.0080322575483704,0.14253269709203736,0.7459861047833729,-0.5144397022394394,-0.7891584945343187,-0.7820170906288442,-0.25720634659801117,-0.10391457649280908,1.7135597667813476,-0.8396322388547883,-1.597742813425438,-0.43112226632230105,-1.148806863442157,0.9980019960059882,-0.4250147577130797,-0.42665336858709313,-0.32300320992117804
706,1.451836256746723,0.9920317455237933,-1.2582800507412535,0.7459861047833729,-1.2153112311760055,1.4198225958346629,2.132849594356198,1.4613215816737781,1.2456253779592577,0.2711693907027721,-0.2876057833289577,0.868997304346522,0.4670491218491595,-1.148806863442157,0.9980019960059882,2.352859475705742,-0.42665336858709313,0.7500971552654602
707,-1.055034438178552,0.9920317455237933,-1.4917488420468021,-0.4911384470961842,1.5881748845702586,-0.7891584945343187,0.05080196222402497,0.888478938916515,-1.4534545309448759,0.2711693907027721,1.3684735832485342,-0.8929599226334495,0.4670491218491595,1.2722824167309879,0.9980019960059882,-0.4250147577130797,-0.42665336858709313,-0.32300320992117804
708,0.01933871678942301,-1.0080322575483704,1.30987665361978,-1.1097007230359628,0.8873033556336926,-0.23691322194207332,0.05080196222402497,0.31563629615925193,1.2456253779592577,-1.1712209853758033,1.3684735832485342,-1.2453513680294437,0.4670491218491595,0.06173777664441539,-1.0020020040060118,-0.4250147577130797,-0.42665336858709313,0.7500971552654602
709,-1.4131588231678769,-1.0080322575483704,1.6600798405781025,-0.4911384470961842,0.18643182669712655,-0.23691322194207332,-0.36560756420240964,-0.25720634659801117,-1.4534545309448759,-1.1712209853758033,-0.8396322388547883,0.868997304346522,-0.43112226632230105,1.2722824167309879,0.9980019960059882,-0.4250147577130797,2.3438230508096156,-0.32300320992117804
710,-1.055034438178552,-1.0080322575483704,0.37600148839758585,0.12742382884359435,0.8873033556336926,-0.7891584945343187,-0.36560756420240964,0.31563629615925193,-0.10391457649280908,-1.1712209853758033,0.8164471277227036,-1.2453513680294437,0.4670491218491595,1.2722824167309879,0.9980019960059882,-0.4250147577130797,-0.42665336858709313,0.7500971552654602
711,-0.6969100531892269,0.9920317455237933,-1.024811259435705,0.7459861047833729,-0.16400393777115643,-0.23691322194207332,-0.7820170906288442,-0.8300489893552743,1.2456253779592577,0.2711693907027721,-0.2876057833289577,1.2213887497425162,-1.3292936544937617,0.06173777664441539,-1.0020020040060118,-0.4250147577130797,-0.42665336858709313,-1.3961035751078161
712,-0.3387856681999019,-1.0080322575483704,-1.375014446394028,-1.1097007230359628,1.5881748845702586,-0.23691322194207332,0.05080196222402497,0.31563629615925193,-0.10391457649280908,0.2711693907027721,0.8164471277227036,-0.8929599226334495,0.4670491218491595,0.06173777664441539,-1.0020020040060118,-0.4250147577130797,-0.42665336858709313,-0.32300320992117804
713,0.735587486768073,-1.0080322575483704,0.14253269709203736,-0.4911384470961842,-1.5657469956442884,1.9720678684269082,0.8836210150768942,-0.8300489893552743,-0.10391457649280908,-1.1712209853758033,0.26442067219687293,-1.2453513680294437,0.4670491218491595,-1.148806863442157,0.9980019960059882,2.352859475705742,-0.42665336858709313,0.7500971552654602
714,-1.055034438178552,0.9920317455237933,0.959673466661457,1.3645483807231515,-0.5144397022394394,-0.7891584945343187,-0.7820170906288442,-0.25720634659801117,1.2456253779592577,-1.1712209853758033,-0.2876057833289577,0.5166058589505277,-1.3292936544937617,0.06173777664441539,0.9980019960059882,-0.4250147577130797,2.3438230508096156,-0.32300320992117804
715,-0.3387856681999019,-1.0080322575483704,-1.024811259435705,0.7459861047833729,-1.2153112311760055,-0.23691322194207332,-0.7820170906288442,-0.8300489893552743,1.2456253779592577,0.2711693907027721,-0.8396322388547883,-0.5405684772374552,-0.43112226632230105,-1.148806863442157,-1.0020020040060118,-0.4250147577130797,-0.42665336858709313,-1.3961035751078161
716,-1.055034438178552,-1.0080322575483704,-0.7913424681301566,1.3645483807231515,0.8873033556336926,-0.23691322194207332,-0.7820170906288442,-0.8300489893552743,-0.10391457649280908,0.2711693907027721,-1.391658694380619,1.2213887497425162,-1.3292936544937617,0.06173777664441539,-1.0020020040060118,-0.4250147577130797,-0.42665336858709313,-0.32300320992117804
717,-1.055034438178552,0.9920317455237933,0.25926709274481163,0.7459861047833729,0.18643182669712655,0.3153320506501721,-0.36560756420240964,-0.8300489893552743,-1.4534545309448759,-1.1712209853758033,1.3684735832485342,1.5737801951385104,1.36522051002062,1.2722824167309879,0.9980019960059882,-0.4250147577130797,-0.42665336858709313,-0.32300320992117804
718,0.01933871678942301,-1.0080322575483704,-0.9080768637829308,-1.1097007230359628,0.8873033556336926,0.3153320506501721,0.8836210150768942,0.888478938916515,-0.10391457649280908,0.2711693907027721,-0.8396322388547883,1.5737801951385104,0.4670491218491595,-1.148806863442157,-1.0020020040060118,-0.4250147577130797,-0.42665336858709313,0.7500971552654602
719,0.01933871678942301,-1.0080322575483704,0.14253269709203736,0.12742382884359435,-0.5144397022394394,-0.23691322194207332,-0.7820170906288442,-0.8300489893552743,-0.10391457649280908,-1.1712209853758033,-1.391658694380619,0.1642144135545334,-1.3292936544937617,-1.148806863442157,0.9980019960059882,-0.4250147577130797,-0.42665336858709313,0.7500971552654602
720,-0.6969100531892269,0.9920317455237933,0.37600148839758585,0.12742382884359435,1.5881748845702586,0.8675773232424175,0.05080196222402497,-0.8300489893552743,-0.10391457649280908,-1.1712209853758033,0.26442067219687293,1.5737801951385104,-1.3292936544937617,1.2722824167309879,-1.0020020040060118,-0.4250147577130797,2.3438230508096156,0.7500971552654602
721,-0.3387856681999019,0.9920317455237933,-1.2582800507412535,-1.7282629989757414,0.18643182669712655,-0.7891584945343187,-0.7820170906288442,-0.25720634659801117,1.2456253779592577,-1.1712209853758033,1.3684735832485342,0.868997304346522,-1.3292936544937617,-1.148806863442157,-1.0020020040060118,-0.4250147577130797,-0.42665336858709313,1.8231975204520983
722,1.093711871757398,0.9920317455237933,-0.6746080724773823,-1.1097007230359628,1.5881748845702586,-0.7891584945343187,0.05080196222402497,0.888478938916515,-1.4534545309448759,0.2711693907027721,-1.391658694380619,1.2213887497425162,0.4670491218491595,-1.148806863442157,-1.0020020040060118,-0.4250147577130797,-0.42665336858709313,0.7500971552654602
723,-0.3387856681999019,0.9920317455237933,-0.9080768637829308,0.12742382884359435,0.18643182669712655,-0.7891584945343187,-0.7820170906288442,-0.25720634659801117,1.2456253779592577,0.2711693907027721,0.8164471277227036,-0.18817703184146087,0.4670491218491595,0.06173777664441539,-1.0020020040060118,-0.4250147577130797,-0.42665336858709313,0.7500971552654602
724,-1.055034438178552,-1.0080322575483704,-0.3244048855190596,0.7459861047833729,1.2377391201019754,-0.7891584945343187,-0.36560756420240964,0.31563629615925193,1.2456253779592577,0.2711693907027721,0.8164471277227036,1.2213887497425162,0.4670491218491595,1.2722824167309879,0.9980019960059882,2.352859475705742,-0.42665336858709313,0.7500971552654602
725,-0.3387856681999019,-1.0080322575483704,-0.4411392811718339,-0.4911384470961842,1.2377391201019754,0.3153320506501721,0.8836210150768942,0.888478938916515,-0.10391457649280908,0.2711693907027721,1.3684735832485342,-1.2453513680294437,-1.3292936544937617,-1.148806863442157,0.9980019960059882,-0.4250147577130797,-0.42665336858709313,0.7500971552654602
726,-1.055034438178552,-1.0080322575483704,0.4927358840503601,-1.7282629989757414,-1.5657469956442884,-0.23691322194207332,0.05080196222402497,0.31563629615925193,-1.4534545309448759,-1.1712209853758033,-0.8396322388547883,-1.597742813425438,-1.3292936544937617,1.2722824167309879,0.9980019960059882,-0.4250147577130797,-0.42665336858709313,1.8231975204520983
727,-0.6969100531892269,0.9920317455237933,-1.2582800507412535,-1.1097007230359628,-1.2153112311760055,-0.7891584945343187,-0.7820170906288442,-0.25720634659801117,-0.10391457649280908,0.2711693907027721,0.26442067219687293,-1.2453513680294437,-1.3292936544937617,1.2722824167309879,0.9980019960059882,-0.4250147577130797,-0.42665336858709313,0.7500971552654602
728,-0.3387856681999019,0.9920317455237933,-1.375014446394028,0.12742382884359435,-1.2153112311760055,-0.7891584945343187,0.4672114886504596,1.4613215816737781,-0.10391457649280908,1.7135597667813476,-1.391658694380619,-0.8929599226334495,-0.43112226632230105,0.06173777664441539,-1.0020020040060118,-0.4250147577130797,-0.42665336858709313,-1.3961035751078161
729,0.735587486768073,0.9920317455237933,0.959673466661457,0.7459861047833729,0.8873033556336926,0.8675773232424175,0.4672114886504596,-0.25720634659801117,-1.4534545309448759,0.2711693907027721,1.3684735832485342,0.868997304346522,1.36522051002062,1.2722824167309879,0.9980019960059882,-0.4250147577130797,-0.42665336858709313,0.7500971552654602
730,1.451836256746723,-1.0080322575483704,0.14253269709203736,-1.7282629989757414,0.18643182669712655,-0.7891584945343187,1.7164400679297633,3.1798495099455675,-0.10391457649280908,0.2711693907027721,1.3684735832485342,-0.18817703184146087,0.4670491218491595,1.2722824167309879,-1.0020020040060118,-0.4250147577130797,-0.42665336858709313,1.8231975204520983
731,-0.3387856681999019,-1.0080322575483704,0.7262046753559086,0.12742382884359435,1.5881748845702586,1.9720678684269082,0.8836210150768942,-0.8300489893552743,-1.4534545309448759,0.2711693907027721,-0.2876057833289577,-0.5405684772374552,0.4670491218491595,-1.148806863442157,0.9980019960059882,-0.4250147577130797,-0.42665336858709313,-1.3961035751078161
732,0.01933871678942301,-1.0080322575483704,-0.5578736768246081,1.3645483807231515,0.8873033556336926,-0.7891584945343187,0.05080196222402497,0.888478938916515,-0.10391457649280908,0.2711693907027721,-1.391658694380619,0.868997304346522,1.36522051002062,0.06173777664441539,0.9980019960059882,-0.4250147577130797,-0.42665336858709313,0.7500971552654602
733,-0.3387856681999019,0.9920317455237933,1.6600798405781025,0.7459861047833729,-1.5657469956442884,-0.7891584945343187,-1.1984266170552789,-0.8300489893552743,-0.10391457649280908,-1.1712209853758033,0.26442067219687293,-1.597742813425438,0.4670491218491595,-1.148806863442157,-1.0020020040060118,-0.4250147577130797,-0.42665336858709313,-0.32300320992117804
734,0.377463101778748,0.9920317455237933,-0.09093609421351112,0.7459861047833729,-0.8648754667077224,-0.7891584945343187,-0.36560756420240964,0.31563629615925193,-0.10391457649280908,1.7135597667813476,-1.391658694380619,-0.18817703184146087,0.4670491218491595,0.06173777664441539,0.9980019960059882,-0.4250147577130797,-0.42665336858709313,-0.32300320992117804
735,0.01933871678942301,0.9920317455237933,0.6094702797031344,0.7459861047833729,0.18643182669712655,0.3153320506501721,0.8836210150768942,0.888478938916515,-0.10391457649280908,0.2711693907027721,1.3684735832485342,-1.597742813425438,1.36522051002062,-1.148806863442157,-1.0020020040060118,-0.4250147577130797,2.3438230508096156,0.7500971552654602
736,-0.3387856681999019,0.9920317455237933,0.7262046753559086,-1.1097007230359628,-0.8648754667077224,-0.23691322194207332,0.8836210150768942,1.4613215816737781,-0.10391457649280908,-1.1712209853758033,0.8164471277227036,-0.5405684772374552,-0.43112226632230105,0.06173777664441539,0.9980019960059882,-0.4250147577130797,-0.42665336858709313,-1.3961035751078161
737,2.1680850267253726,-1.0080322575483704,1.1931422579670057,0.7459861047833729,-1.5657469956442884,0.8675773232424175,0.05080196222402497,-0.8300489893552743,-1.4534545309448759,-1.1712209853758033,0.26442067219687293,-0.18817703184146087,-0.43112226632230105,-1.148806863442157,-1.0020020040060118,-0.4250147577130797,-0.42665336858709313,0.7500971552654602
738,0.01933871678942301,0.9920317455237933,-0.20767048986628536,-1.1097007230359628,0.5368675911654095,-0.7891584945343187,-1.1984266170552789,-0.8300489893552743,1.2456253779592577,0.2711693907027721,-0.8396322388547883,-1.2453513680294437,-0.43112226632230105,0.06173777664441539,-1.0020020040060118,2.352859475705742,-0.42665336858709313,-1.3961035751078161
739,-1.4131588231678769,-1.0080322575483704,1.30987665361978,0.12742382884359435,-0.16400393777115643,-0.7891584945343187,-1.1984266170552789,-0.8300489893552743,-0.10391457649280908,0.2711693907027721,-0.8396322388547883,-1.597742813425438,-0.43112226632230105,1.2722824167309879,0.9980019960059882,-0.4250147577130797,2.3438230508096156,-1.3961035751078161
740,-1.055034438178552,-1.0080322575483704,1.30987665361978,0.12742382884359435,0.5368675911654095,-0.7891584945343187,-1.1984266170552789,-0.8300489893552743,1.2456253779592577,-1.1712209853758033,-1.391658694380619,-1.2453513680294437,-1.3292936544937617,1.2722824167309879,0.9980019960059882,-0.4250147577130797,-0.42665336858709313,-0.32300320992117804
741,1.093711871757398,0.9920317455237933,-0.6746080724773823,-1.7282629989757414,0.18643182669712655,-0.23691322194207332,-0.7820170906288442,-0.8300489893552743,-0.10391457649280908,1.7135597667813476,-0.8396322388547883,0.1642144135545334,-0.43112226632230105,0.06173777664441539,0.9980019960059882,-0.4250147577130797,-0.42665336858709313,-0.32300320992117804
742,-0.3387856681999019,0.9920317455237933,0.959673466661457,-1.7282629989757414,-1.2153112311760055,1.9720678684269082,0.8836210150768942,-0.8300489893552743,1.2456253779592577,0.2711693907027721,-0.2876057833289577,-0.8929599226334495,-0.43112226632230105,1.2722824167309879,-1.0020020040060118,-0.4250147577130797,-0.42665336858709313,-1.3961035751078161
743,0.377463101778748,-1.0080322575483704,1.6600798405781025,1.3645483807231515,0.18643182669712655,0.3153320506501721,-0.36560756420240964,-0.8300489893552743,-1.4534545309448759,0.2711693907027721,0.26442067219687293,-0.8929599226334495,0.4670491218491595,1.2722824167309879,0.9980019960059882,-0.4250147577130797,2.3438230508096156,-1.3961035751078161
744,1.8099606417360476,-1.0080322575483704,-1.6084832376995764,1.3645483807231515,-1.5657469956442884,1.4198225958346629,1.7164400679297633,0.888478938916515,-0.10391457649280908,0.2711693907027721,1.3684735832485342,0.868997304346522,0.4670491218491595,1.2722824167309879,0.9980019960059882,-0.4250147577130797,-0.42665336858709313,-1.3961035751078161
745,-0.3387856681999019,0.9920317455237933,0.37600148839758585,-0.4911384470961842,-0.8648754667077224,-0.7891584945343187,-1.1984266170552789,-0.8300489893552743,1.2456253779592577,1.7135597667813476,-1.391658694380619,1.2213887497425162,1.36522051002062,0.06173777664441539,0.9980019960059882,-0.4250147577130797,-0.42665336858709313,0.7500971552654602
746,1.093711871757398,-1.0080322575483704,-1.375014446394028,-0.4911384470961842,-1.2153112311760055,-0.23691322194207332,0.05080196222402497,0.31563629615925193,1.2456253779592577,0.2711693907027721,-0.2876057833289577,-1.597742813425438,0.4670491218491595,-1.148806863442157,-1.0020020040060118,-0.4250147577130797,-0.42665336858709313,0.7500971552654602
747,0.377463101778748,0.9920317455237933,0.025798301439263118,-1.1097007230359628,-0.16400393777115643,-0.7891584945343187,-0.36560756420240964,0.31563629615925193,-1.4534545309448759,-1.1712209853758033,0.8164471277227036,-0.8929599226334495,0.4670491218491595,1.2722824167309879,-1.0020020040060118,-0.4250147577130797,-0.42665336858709313,-0.32300320992117804
748,-0.6969100531892269,-1.0080322575483704,0.8429390710086828,0.12742382884359435,-0.5144397022394394,0.8675773232424175,0.05080196222402497,-0.8300489893552743,1.2456253779592577,0.2711693907027721,1.3684735832485342,-0.18817703184146087,0.4670491218491595,1.2722824167309879,0.9980019960059882,-0.4250147577130797,-0.42665336858709313,-1.3961035751078161
749,0.377463101778748,0.9920317455237933,-0.3244048855190596,-0.4911384470961842,-0.5144397022394394,0.8675773232424175,0.8836210150768942,0.31563629615925193,1.2456253779592577,0.2711693907027721,-0.8396322388547883,0.868997304346522,0.4670491218491595,-1.148806863442157,-1.0020020040060118,-0.4250147577130797,-0.42665336858709313,-0.32300320992117804
750,0.735587486768073,-1.0080322575483704,1.1931422579670057,0.7459861047833729,1.5881748845702586,1.9720678684269082,1.3000305415033289,-0.25720634659801117,-0.10391457649280908,0.2711693907027721,0.26442067219687293,-1.2453513680294437,-0.43112226632230105,0.06173777664441539,-1.0020020040060118,-0.4250147577130797,-0.42665336858709313,0.7500971552654602
751,1.093711871757398,-1.0080322575483704,0.4927358840503601,0.12742382884359435,-1.5657469956442884,-0.7891584945343187,-0.7820170906288442,-0.25720634659801117,1.2456253779592577,0.2711693907027721,0.8164471277227036,0.5166058589505277,-1.3292936544937617,0.06173777664441539,0.9980019960059882,-0.4250147577130797,-0.42665336858709313,-0.32300320992117804
752,0.01933871678942301,-1.0080322575483704,-0.6746080724773823,-0.4911384470961842,-0.16400393777115643,-0.7891584945343187,-1.1984266170552789,-0.8300489893552743,-0.10391457649280908,0.2711693907027721,-0.8396322388547883,-1.597742813425438,-1.3292936544937617,1.2722824167309879,-1.0020020040060118,-0.4250147577130797,-0.42665336858709313,-1.3961035751078161
753,-1.7712832081572016,0.9920317455237933,-1.2582800507412535,-1.1097007230359628,-0.16400393777115643,-0.7891584945343187,-0.7820170906288442,-0.25720634659801117,1.2456253779592577,1.7135597667813476,1.3684735832485342,1.2213887497425162,-1.3292936544937617,-1.148806863442157,-1.0020020040060118,-0.4250147577130797,-0.42665336858709313,1.8231975204520983
754,-0.3387856681999019,-1.0080322575483704,-1.4917488420468021,0.7459861047833729,-0.5144397022394394,-0.7891584945343187,-0.7820170906288442,-0.25720634659801117,1.2456253779592577,0.2711693907027721,1.3684735832485342,-0.8929599226334495,0.4670491218491595,-1.148806863442157,-1.0020020040060118,-0.4250147577130797,-0.42665336858709313,0.7500971552654602
755,0.735587486768073,-1.0080322575483704,-0.9080768637829308,-1.1097007230359628,-1.5657469956442884,2.5243131410191535,1.7164400679297633,-0.25720634659801117,-0.10391457649280908,0.2711693907027721,-0.8396322388547883,-0.18817703184146087,-1.3292936544937617,1.2722824167309879,0.9980019960059882,-0.4250147577130797,-0.42665336858709313,-1.3961035751078161
756,0.735587486768073,-1.0080322575483704,0.025798301439263118,-1.7282629989757414,0.8873033556336926,0.3153320506501721,0.8836210150768942,0.888478938916515,1.2456253779592577,1.7135597667813476,0.26442067219687293,-0.8929599226334495,-1.3292936544937617,-1.148806863442157,-1.0020020040060118,-0.4250147577130797,-0.42665336858709313,-0.32300320992117804
757,0.377463101778748,-1.0080322575483704,-0.7913424681301566,-1.7282629989757414,-0.16400393777115643,0.8675773232424175,0.4672114886504596,-0.25720634659801117,1.2456253779592577,-1.1712209853758033,1.3684735832485342,-0.18817703184146087,-1.3292936544937617,0.06173777664441539,0.9980019960059882,-0.4250147577130797,-0.42665336858709313,-0.32300320992117804
758,-1.7712832081572016,-1.0080322575483704,-0.5578736768246081,1.3645483807231515,-0.8648754667077224,-0.7891584945343187,-1.1984266170552789,-0.8300489893552743,-0.10391457649280908,0.2711693907027721,-0.8396322388547883,0.868997304346522,1.36522051002062,1.2722824167309879,-1.0020020040060118,-0.4250147577130797,-0.42665336858709313,-0.32300320992117804
759,1.451836256746723,-1.0080322575483704,0.25926709274481163,0.7459861047833729,0.5368675911654095,1.4198225958346629,2.132849594356198,1.4613215816737781,1.2456253779592577,0.2711693907027721,-1.391658694380619,-1.2453513680294437,1.36522051002062,0.06173777664441539,0.9980019960059882,-0.4250147577130797,-0.42665336858709313,-0.32300320992117804
760,2.1680850267253726,-1.0080322575483704,-1.4917488420468021,0.12742382884359435,0.8873033556336926,2.5243131410191535,1.3000305415033289,-0.8300489893552743,-0.10391457649280908,0.2711693907027721,-1.391658694380619,0.1642144135545334,1.36522051002062,-1.148806863442157,0.9980019960059882,-0.4250147577130797,-0.42665336858709313,0.7500971552654602
761,-0.6969100531892269,-1.0080322575483704,-0.6746080724773823,0.7459861047833729,0.5368675911654095,-0.7891584945343187,-0.36560756420240964,0.31563629615925193,-1.4534545309448759,-1.1712209853758033,-1.391658694380619,0.868997304346522,-0.43112226632230105,0.06173777664441539,-1.0020020040060118,-0.4250147577130797,-0.42665336858709313,-1.3961035751078161
762,0.735587486768073,0.9920317455237933,0.4927358840503601,0.12742382884359435,-0.16400393777115643,0.8675773232424175,0.05080196222402497,-0.8300489893552743,-1.4534545309448759,-1.1712209853758033,-1.391658694380619,0.5166058589505277,1.36522051002062,1.2722824167309879,0.9980019960059882,-0.4250147577130797,-0.42665336858709313,0.7500971552654602
763,-1.055034438178552,0.9920317455237933,-1.375014446394028,-1.7282629989757414,-0.16400393777115643,0.3153320506501721,-0.36560756420240964,-0.8300489893552743,-1.4534545309448759,-1.1712209853758033,-0.2876057833289577,0.868997304346522,0.4670491218491595,0.06173777664441539,0.9980019960059882,-0.4250147577130797,-0.42665336858709313,0.7500971552654602
764,-1.7712832081572016,-1.0080322575483704,-1.024811259435705,-1.1097007230359628,1.2377391201019754,-0.7891584945343187,-1.1984266170552789,-0.8300489893552743,-0.10391457649280908,-1.1712209853758033,0.8164471277227036,1.5737801951385104,-1.3292936544937617,0.06173777664441539,0.9980019960059882,-0.4250147577130797,-0.42665336858709313,0.7500971552654602
765,0.377463101778748,-1.0080322575483704,-0.5578736768246081,-1.1097007230359628,-1.2153112311760055,-0.23691322194207332,1.3000305415033289,2.0341642244310414,-0.10391457649280908,1.7135597667813476,1.3684735832485342,-1.2453513680294437,1.36522051002062,0.06173777664441539,0.9980019960059882,-0.4250147577130797,-0.42665336858709313,-0.32300320992117804
766,0.01933871678942301,-1.0080322575483704,0.37600148839758585,-1.7282629989757414,-0.16400393777115643,-0.23691322194207332,-0.7820170906288442,-0.8300489893552743,1.2456253779592577,-1.1712209853758033,1.3684735832485342,0.5166058589505277,1.36522051002062,-1.148806863442157,-1.0020020040060118,-0.4250147577130797,2.3438230508096156,-0.32300320992117804
767,0.01933871678942301,-1.0080322575483704,1.5433454449253283,0.7459861047833729,-1.2153112311760055,-0.23691322194207332,-0.7820170906288442,-0.8300489893552743,-1.4534545309448759,0.2711693907027721,-1.391658694380619,-1.2453513680294437,1.36522051002062,-1.148806863442157,0.9980019960059882,-0.4250147577130797,-0.42665336858709313,1.8231975204520983
768,0.01933871678942301,-1.0080322575483704,1.30987665361978,0.12742382884359435,0.18643182669712655,0.8675773232424175,0.05080196222402497,-0.8300489893552743,1.2456253779592577,0.2711693907027721,-1.391658694380619,1.5737801951385104,1.36522051002062,1.2722824167309879,0.9980019960059882,-0.4250147577130797,2.3438230508096156,-0.32300320992117804
769,1.8099606417360476,-1.0080322575483704,-1.6084832376995764,0.12742382884359435,-1.5657469956442884,3.076558413611399,1.7164400679297633,-0.8300489893552743,-0.10391457649280908,0.2711693907027721,1.3684735832485342,0.868997304346522,0.4670491218491595,-1.148806863442157,-1.0020020040060118,-0.4250147577130797,-0.42665336858709313,-1.3961035751078161
770,0.377463101778748,0.9920317455237933,0.37600148839758585,0.7459861047833729,-1.2153112311760055,-0.7891584945343187,-0.7820170906288442,-0.25720634659801117,1.2456253779592577,0.2711693907027721,0.8164471277227036,0.5166058589505277,-1.3292936544937617,0.06173777664441539,0.9980019960059882,-0.4250147577130797,-0.42665336858709313,1.8231975204520983
771,1.093711871757398,0.9920317455237933,1.0764078623142312,-0.4911384470961842,1.2377391201019754,-0.23691322194207332,1.3000305415033289,2.0341642244310414,-0.10391457649280908,-1.1712209853758033,-0.8396322388547883,-0.8929599226334495,0.4670491218491595,-1.148806863442157,0.9980019960059882,-0.4250147577130797,-0.42665336858709313,0.7500971552654602
772,-0.6969100531892269,0.9920317455237933,0.37600148839758585,1.3645483807231515,-1.2153112311760055,-0.23691322194207332,0.4672114886504596,0.888478938916515,1.2456253779592577,0.2711693907027721,-0.8396322388547883,0.868997304346522,1.36522051002062,0.06173777664441539,-1.0020020040060118,2.352859475705742,-0.42665336858709313,0.7500971552654602
773,-0.3387856681999019,0.9920317455237933,0.25926709274481163,0.12742382884359435,-0.8648754667077224,0.3153320506501721,0.8836210150768942,0.888478938916515,-0.10391457649280908,1.7135597667813476,1.3684735832485342,1.2213887497425162,1.36522051002062,0.06173777664441539,-1.0020020040060118,-0.4250147577130797,-0.42665336858709313,-0.32300320992117804
774,-1.055034438178552,0.9920317455237933,0.37600148839758585,1.3645483807231515,0.5368675911654095,-0.23691322194207332,-0.7820170906288442,-0.8300489893552743,-1.4534545309448759,0.2711693907027721,0.8164471277227036,0.1642144135545334,-1.3292936544937617,1.2722824167309879,-1.0020020040060118,2.352859475705742,-0.42665336858709313,-0.32300320992117804
775,1.093711871757398,0.9920317455237933,-0.7913424681301566,-0.4911384470961842,-0.5144397022394394,1.4198225958346629,0.8836210150768942,-0.25720634659801117,1.2456253779592577,-1.1712209853758033,-0.8396322388547883,1.2213887497425162,-0.43112226632230105,1.2722824167309879,-1.0020020040060118,-0.4250147577130797,-0.42665336858709313,-1.3961035751078161
776,-0.6969100531892269,0.9920317455237933,-1.024811259435705,0.7459861047833729,-1.5657469956442884,-0.7891584945343187,-1.1984266170552789,-0.8300489893552743,-1.4534545309448759,-1.1712209853758033,-0.2876057833289577,1.5737801951385104,0.4670491218491595,-1.148806863442157,-1.0020020040060118,-0.4250147577130797,-0.42665336858709313,-0.32300320992117804
777,1.451836256746723,0.9920317455237933,-0.09093609421351112,-1.1097007230359628,-0.16400393777115643,-0.23691322194207332,0.8836210150768942,1.4613215816737781,-0.10391457649280908,-1.1712209853758033,-1.391658694380619,0.5166058589505277,-1.3292936544937617,1.2722824167309879,-1.0020020040060118,-0.4250147577130797,-0.42665336858709313,0.7500971552654602
778,-1.7712832081572016,0.9920317455237933,-1.1415456550884793,1.3645483807231515,-1.5657469956442884,-0.7891584945343187,-1.1984266170552789,-0.8300489893552743,-0.10391457649280908,0.2711693907027721,1.3684735832485342,1.5737801951385104,1.36522051002062,-1.148806863442157,-1.0020020040060118,-0.4250147577130797,-0.42665336858709313,0.7500971552654602
779,0.01933871678942301,0.9920317455237933,1.426611049272554,-1.1097007230359628,1.5881748845702586,2.5243131410191535,1.3000305415033289,-0.8300489893552743,-0.10391457649280908,0.2711693907027721,0.26442067219687293,0.1642144135545334,-1.3292936544937617,-1.148806863442157,0.9980019960059882,-0.4250147577130797,2.3438230508096156,-0.32300320992117804
780,-1.055034438178552,-1.0080322575483704,0.8429390710086828,1.3645483807231515,0.5368675911654095,-0.7891584945343187,-1.1984266170552789,-0.8300489893552743,1.2456253779592577,-1.1712209853758033,-1.391658694380619,1.5737801951385104,-0.43112226632230105,0.06173777664441539,0.9980019960059882,-0.4250147577130797,-0.42665336858709313,-0.32300320992117804
781,0.377463101778748,0.9920317455237933,0.959673466661457,0.7459861047833729,1.2377391201019754,0.8675773232424175,0.05080196222402497,-0.8300489893552743,-0.10391457649280908,0.2711693907027721,1.3684735832485342,-1.2453513680294437,-0.43112226632230105,-1.148806863442157,-1.0020020040060118,2.352859475705742,-0.42665336858709313,-1.3961035751078161
782,-1.7712832081572016,0.9920317455237933,-0.7913424681301566,-1.1097007230359628,0.18643182669712655,-0.7891584945343187,-1.1984266170552789,-0.8300489893552743,-1.4534545309448759,-1.1712209853758033,-0.8396322388547883,0.1642144135545334,1.36522051002062,1.2722824167309879,-1.0020020040060118,-0.4250147577130797,-0.42665336858709313,0.7500971552654602
783,-1.055034438178552,0.9920317455237933,1.426611049272554,0.7459861047833729,0.18643182669712655,-0.7891584945343187,-1.1984266170552789,-0.8300489893552743,-1.4534545309448759,0.2711693907027721,-0.8396322388547883,-0.8929599226334495,0.4670491218491595,-1.148806863442157,0.9980019960059882,-0.4250147577130797,-0.42665336858709313,-1.3961035751078161
784,-0.3387856681999019,-1.0080322575483704,-0.7913424681301566,-1.1097007230359628,1.5881748845702586,-0.7891584945343187,-1.1984266170552789,-0.8300489893552743,-0.10391457649280908,0.2711693907027721,-0.8396322388547883,1.5737801951385104,1.36522051002062,0.06173777664441539,0.9980019960059882,-0.4250147577130797,-0.42665336858709313,-0.32300320992117804
785,-0.3387856681999019,-1.0080322575483704,-1.2582800507412535,-1.1097007230359628,-1.5657469956442884,-0.7891584945343187,0.4672114886504596,1.4613215816737781,-1.4534545309448759,0.2711693907027721,-1.391658694380619,1.5737801951385104,-1.3292936544937617,1.2722824167309879,0.9980019960059882,2.352859475705742,-0.42665336858709313,-0.32300320992117804
786,1.8099606417360476,-1.0080322575483704,0.959673466661457,0.7459861047833729,1.5881748845702586,-0.7891584945343187,2.5492591207826325,4.325534795460094,1.2456253779592577,0.2711693907027721,0.26442067219687293,-1.2453513680294437,0.4670491218491595,1.2722824167309879,-1.0020020040060118,-0.4250147577130797,-0.42665336858709313,-0.32300320992117804
787,-1.4131588231678769,0.9920317455237933,-0.9080768637829308,0.7459861047833729,-0.8648754667077224,0.3153320506501721,-0.36560756420240964,-0.8300489893552743,-0.10391457649280908,1.7135597667813476,0.8164471277227036,1.5737801951385104,-1.3292936544937617,1.2722824167309879,-1.0020020040060118,-0.4250147577130797,-0.42665336858709313,0.7500971552654602
788,0.377463101778748,0.9920317455237933,1.30987665361978,-0.4911384470961842,-0.16400393777115643,-0.23691322194207332,-0.36560756420240964,-0.25720634659801117,-1.4534545309448759,0.2711693907027721,-1.391658694380619,-0.8929599226334495,-0.43112226632230105,1.2722824167309879,-1.0020020040060118,-0.4250147577130797,-0.42665336858709313,-0.32300320992117804
789,-1.7712832081572016,-1.0080322575483704,1.5433454449253283,-1.7282629989757414,1.5881748845702586,-0.7891584945343187,-1.1984266170552789,-0.8300489893552743,-0.10391457649280908,-1.1712209853758033,1.3684735832485342,1.2213887497425162,1.36522051002062,1.2722824167309879,-1.0020020040060118,-0.4250147577130797,-0.42665336858709313,0.7500971552654602
790,-0.6969100531892269,0.9920317455237933,-0.9080768637829308,-1.1097007230359628,-1.2153112311760055,-0.7891584945343187,-0.36560756420240964,0.31563629615925193,-0.10391457649280908,-1.1712209853758033,-1.391658694380619,0.5166058589505277,-1.3292936544937617,0.06173777664441539,0.9980019960059882,-0.4250147577130797,-0.42665336858709313,-0.32300320992117804
791,-1.7712832081572016,-1.0080322575483704,0.14253269709203736,-1.1097007230359628,-0.8648754667077224,-0.7891584945343187,-0.7820170906288442,-0.25720634659801117,-0.10391457649280908,-1.1712209853758033,-0.2876057833289577,1.2213887497425162,0.4670491218491595,1.2722824167309879,0.9980019960059882,-0.4250147577130797,-0.42665336858709313,-1.3961035751078161
792,0.01933871678942301,-1.0080322575483704,0.959673466661457,0.7459861047833729,0.5368675911654095,0.3153320506501721,0.05080196222402497,-0.25720634659801117,-0.10391457649280908,-1.1712209853758033,1.3684735832485342,-0.8929599226334495,0.4670491218491595,0.06173777664441539,-1.0020020040060118,-0.4250147577130797,-0.42665336858709313,-1.3961035751078161
793,-1.7712832081572016,0.9920317455237933,-0.6746080724773823,-1.1097007230359628,-1.2153112311760055,-0.7891584945343187,-1.1984266170552789,-0.8300489893552743,1.2456253779592577,0.2711693907027721,1.3684735832485342,0.5166058589505277,-1.3292936544937617,1.2722824167309879,-1.0020020040060118,-0.4250147577130797,-0.42665336858709313,-0.32300320992117804
794,1.8099606417360476,-1.0080322575483704,-1.375014446394028,0.12742382884359435,0.18643182669712655,3.6288036862036446,2.132849594356198,-0.8300489893552743,-1.4534545309448759,0.2711693907027721,-0.8396322388547883,1.2213887497425162,-0.43112226632230105,-1.148806863442157,0.9980019960059882,-0.4250147577130797,-0.42665336858709313,-0.32300320992117804
795,-0.3387856681999019,0.9920317455237933,-0.3244048855190596,0.12742382884359435,0.5368675911654095,0.3153320506501721,-0.36560756420240964,-0.8300489893552743,1.2456253779592577,0.2711693907027721,-0.8396322388547883,0.1642144135545334,-1.3292936544937617,-1.148806863442157,-1.0020020040060118,-0.4250147577130797,-0.42665336858709313,-1.3961035751078161
796,-1.055034438178552,-1.0080322575483704,-1.375014446394028,0.12742382884359435,-0.8648754667077224,-0.23691322194207332,-0.36560756420240964,-0.25720634659801117,1.2456253779592577,1.7135597667813476,0.8164471277227036,0.5166058589505277,1.36522051002062,1.2722824167309879,-1.0020020040060118,2.352859475705742,-0.42665336858709313,-0.32300320992117804
797,-0.3387856681999019,-1.0080322575483704,1.6600798405781025,0.12742382884359435,0.18643182669712655,-0.23691322194207332,-0.7820170906288442,-0.8300489893552743,1.2456253779592577,-1.1712209853758033,-0.8396322388547883,0.868997304346522,1.36522051002062,0.06173777664441539,-1.0020020040060118,-0.4250147577130797,-0.42665336858709313,0.7500971552654602
798,0.377463101778748,0.9920317455237933,-1.7252176333523506,0.12742382884359435,-0.5144397022394394,-0.7891584945343187,0.05080196222402497,0.888478938916515,-0.10391457649280908,-1.1712209853758033,0.8164471277227036,1.2213887497425162,0.4670491218491595,-1.148806863442157,-1.0020020040060118,-0.4250147577130797,-0.42665336858709313,-0.32300320992117804
799,-0.6969100531892269,-1.0080322575483704,-0.9080768637829308,0.12742382884359435,-0.16400393777115643,-0.23691322194207332,0.4672114886504596,0.888478938916515,1.2456253779592577,-1.1712209853758033,-1.391658694380619,1.2213887497425162,-1.3292936544937617,-1.148806863442157,-1.0020020040060118,-0.4250147577130797,-0.42665336858709313,-0.32300320992117804
800,-1.7712832081572016,0.9920317455237933,-1.6084832376995764,-0.4911384470961842,-0.8648754667077224,-0.7891584945343187,-1.1984266170552789,-0.8300489893552743,1.2456253779592577,-1.1712209853758033,0.8164471277227036,-0.5405684772374552,-1.3292936544937617,1.2722824167309879,-1.0020020040060118,-0.4250147577130797,2.3438230508096156,-1.3961035751078161
801,0.735587486768073,0.9920317455237933,-1.1415456550884793,-1.1097007230359628,0.8873033556336926,-0.7891584945343187,-0.7820170906288442,-0.25720634659801117,1.2456253779592577,-1.1712209853758033,0.8164471277227036,-0.5405684772374552,-0.43112226632230105,0.06173777664441539,0.9980019960059882,-0.4250147577130797,-0.42665336858709313,1.8231975204520983
802,1.8099606417360476,-1.0080322575483704,1.426611049272554,1.3645483807231515,-0.8648754667077224,1.4198225958346629,1.7164400679297633,0.888478938916515,-0.10391457649280908,0.2711693907027721,-0.8396322388547883,1.2213887497425162,-0.43112226632230105,0.06173777664441539,0.9980019960059882,-0.4250147577130797,-0.42665336858709313,1.8231975204520983
803,0.377463101778748,0.9920317455237933,0.4927358840503601,-1.1097007230359628,-0.8648754667077224,-0.7891584945343187,-0.36560756420240964,0.31563629615925193,-0.10391457649280908,0.2711693907027721,1.3684735832485342,-1.597742813425438,-0.43112226632230105,-1.148806863442157,-1.0020020040060118,-0.4250147577130797,-0.42665336858709313,-0.32300320992117804
804,0.01933871678942301,-1.0080322575483704,1.426611049272554,0.7459861047833729,1.2377391201019754,-0.23691322194207332,-0.36560756420240964,-0.25720634659801117,-0.10391457649280908,1.7135597667813476,0.8164471277227036,-0.18817703184146087,-0.43112226632230105,-1.148806863442157,-1.0020020040060118,-0.4250147577130797,2.3438230508096156,-1.3961035751078161
805,-1.4131588231678769,-1.0080322575483704,0.025798301439263118,1.3645483807231515,-0.8648754667077224,-0.7891584945343187,-0.7820170906288442,-0.25720634659801117,1.2456253779592577,-1.1712209853758033,0.8164471277227036,1.2213887497425162,1.36522051002062,-1.148806863442157,-1.0020020040060118,-0.4250147577130797,-0.42665336858709313,-0.32300320992117804
806,0.377463101778748,0.9920317455237933,0.4927358840503601,-1.7282629989757414,-1.5657469956442884,-0.7891584945343187,-1.1984266170552789,-0.8300489893552743,-0.10391457649280908,1.7135597667813476,1.3684735832485342,0.5166058589505277,-1.3292936544937617,0.06173777664441539,-1.0020020040060118,-0.4250147577130797,2.3438230508096156,-0.32300320992117804
807,1.093711871757398,0.9920317455237933,-1.4917488420468021,-0.4911384470961842,1.2377391201019754,-0.7891584945343187,2.5492591207826325,4.325534795460094,-0.10391457649280908,0.2711693907027721,0.26442067219687293,-0.18817703184146087,1.36522051002062,-1.148806863442157,-1.0020020040060118,2.352859475705742,-0.42665336858709313,-0.32300320992117804
808,1.451836256746723,0.9920317455237933,1.426611049272554,0.12742382884359435,1.5881748845702586,1.4198225958346629,0.4672114886504596,-0.8300489893552743,1.2456253779592577,0.2711693907027721,0.8164471277227036,0.868997304346522,-0.43112226632230105,0.06173777664441539,0.9980019960059882,-0.4250147577130797,-0.42665336858709313,0.7500971552654602
809,-0.3387856681999019,-1.0080322575483704,0.37600148839758585,-1.1097007230359628,-1.5657469956442884,-0.23691322194207332,0.05080196222402497,0.31563629615925193,1.2456253779592577,0.2711693907027721,-1.391658694380619,-0.18817703184146087,-1.3292936544937617,-1.148806863442157,-1.0020020040060118,-0.4250147577130797,-0.42665336858709313,-1.3961035751078161
810,0.01933871678942301,-1.0080322575483704,0.4927358840503601,1.3645483807231515,-1.5657469956442884,0.3153320506501721,-0.36560756420240964,-0.8300489893552743,1.2456253779592577,0.2711693907027721,-1.391658694380619,1.2213887497425162,-1.3292936544937617,1.2722824167309879,0.9980019960059882,-0.4250147577130797,-0.42665336858709313,-0.32300320992117804
811,-0.6969100531892269,0.9920317455237933,-0.9080768637829308,0.12742382884359435,-1.5657469956442884,-0.23691322194207332,-0.7820170906288442,-0.8300489893552743,-0.10391457649280908,-1.1712209853758033,0.8164471277227036,0.1642144135545334,-1.3292936544937617,0.06173777664441539,-1.0020020040060118,-0.4250147577130797,-0.42665336858709313,-0.32300320992117804
812,0.377463101778748,0.9920317455237933,-0.4411392811718339,-0.4911384470961842,-0.8648754667077224,-0.7891584945343187,0.4672114886504596,1.4613215816737781,-0.10391457649280908,-1.1712209853758033,0.26442067219687293,0.868997304346522,-0.43112226632230105,0.06173777664441539,-1.0020020040060118,2.352859475705742,-0.42665336858709313,0.7500971552654602
813,-0.3387856681999019,-1.0080322575483704,1.5433454449253283,1.3645483807231515,0.18643182669712655,-0.7891584945343187,0.8836210150768942,2.0341642244310414,-0.10391457649280908,0.2711693907027721,1.3684735832485342,-0.8929599226334495,-1.3292936544937617,1.2722824167309879,-1.0020020040060118,-0.4250147577130797,-0.42665336858709313,-0.32300320992117804
814,-0.6969100531892269,0.9920317455237933,-0.9080768637829308,-0.4911384470961842,-0.8648754667077224,-0.23691322194207332,-0.7820170906288442,-0.8300489893552743,-0.10391457649280908,0.2711693907027721,-1.391658694380619,-1.2453513680294437,1.36522051002062,0.06173777664441539,-1.0020020040060118,2.352859475705742,-0.42665336858709313,1.8231975204520983
815,0.01933871678942301,-1.0080322575483704,0.14253269709203736,0.12742382884359435,-1.2153112311760055,-0.23691322194207332,0.05080196222402497,0.31563629615925193,-1.4534545309448759,1.7135597667813476,0.8164471277227036,0.1642144135545334,0.4670491218491595,1.2722824167309879,-1.0020020040060118,2.352859475705742,-0.42665336858709313,0.7500971552654602
816,0.735587486768073,-1.0080322575483704,-1.7252176333523506,0.7459861047833729,-0.16400393777115643,-0.23691322194207332,0.8836210150768942,1.4613215816737781,1.2456253779592577,0.2711693907027721,0.8164471277227036,0.5166058589505277,1.36522051002062,1.2722824167309879,-1.0020020040060118,-0.4250147577130797,-0.42665336858709313,0.7500971552654602
817,0.01933871678942301,-1.0080322575483704,1.426611049272554,0.12742382884359435,-0.5144397022394394,-0.7891584945343187,0.4672114886504596,1.4613215816737781,-0.10391457649280908,0.2711693907027721,-1.391658694380619,0.1642144135545334,1.36522051002062,-1.148806863442157,0.9980019960059882,-0.4250147577130797,-0.42665336858709313,0.7500971552654602
818,0.377463101778748,0.9920317455237933,0.4927358840503601,1.3645483807231515,0.5368675911654095,0.8675773232424175,0.05080196222402497,-0.8300489893552743,-0.10391457649280908,0.2711693907027721,0.8164471277227036,1.2213887497425162,1.36522051002062,0.06173777664441539,0.9980019960059882,-0.4250147577130797,2.3438230508096156,-0.32300320992117804
819,0.01933871678942301,0.9920317455237933,0.37600148839758585,0.7459861047833729,1.5881748845702586,-0.23691322194207332,0.05080196222402497,0.31563629615925193,1.2456253779592577,0.2711693907027721,-0.8396322388547883,0.1642144135545334,-0.43112226632230105,-1.148806863442157,0.9980019960059882,-0.4250147577130797,-0.42665336858709313,-1.3961035751078161
820,0.377463101778748,-1.0080322575483704,-0.09093609421351112,0.12742382884359435,1.5881748845702586,-0.23691322194207332,0.4672114886504596,0.888478938916515,-0.10391457649280908,0.2711693907027721,-0.2876057833289577,-1.2453513680294437,1.36522051002062,0.06173777664441539,0.9980019960059882,-0.4250147577130797,-0.42665336858709313,-1.3961035751078161
821,2.1680850267253726,0.9920317455237933,0.25926709274481163,1.3645483807231515,1.2377391201019754,-0.7891584945343187,-1.1984266170552789,-0.8300489893552743,-0.10391457649280908,0.2711693907027721,-1.391658694380619,1.2213887497425162,0.4670491218491595,-1.148806863442157,0.9980019960059882,-0.4250147577130797,2.3438230508096156,0.7500971552654602
822,-1.055034438178552,-1.0080322575483704,1.6600798405781025,-0.4911384470961842,-0.8648754667077224,-0.23691322194207332,0.05080196222402497,0.31563629615925193,-0.10391457649280908,-1.1712209853758033,-1.391658694380619,-0.18817703184146087,0.4670491218491595,1.2722824167309879,0.9980019960059882,-0.4250147577130797,-0.42665336858709313,-0.32300320992117804
823,1.8099606417360476,0.9920317455237933,0.025798301439263118,-0.4911384470961842,1.5881748845702586,0.8675773232424175,0.05080196222402497,-0.8300489893552743,-1.4534545309448759,1.7135597667813476,-0.2876057833289577,1.5737801951385104,-0.43112226632230105,0.06173777664441539,0.9980019960059882,2.352859475705742,-0.42665336858709313,-1.3961035751078161
824,0.01933871678942301,0.9920317455237933,1.1931422579670057,-1.7282629989757414,0.18643182669712655,-0.7891584945343187,-1.1984266170552789,-0.8300489893552743,-1.4534545309448759,0.2711693907027721,0.8164471277227036,-0.8929599226334495,-1.3292936544937617,1.2722824167309879,-1.0020020040060118,-0.4250147577130797,-0.42665336858709313,0.7500971552654602
825,0.735587486768073,0.9920317455237933,0.7262046753559086,0.12742382884359435,0.8873033556336926,-0.23691322194207332,1.7164400679297633,2.6070068671883044,-1.4534545309448759,-1.1712209853758033,-1.391658694380619,-1.2453513680294437,0.4670491218491595,1.2722824167309879,-1.0020020040060118,-0.4250147577130797,-0.42665336858709313,0.7500971552654602
826,-1.4131588231678769,0.9920317455237933,-1.2582800507412535,0.12742382884359435,-0.5144397022394394,-0.7891584945343187,-1.1984266170552789,-0.8300489893552743,-1.4534545309448759,-1.1712209853758033,-0.8396322388547883,-0.5405684772374552,-1.3292936544937617,-1.148806863442157,-1.0020020040060118,-0.4250147577130797,-0.42665336858709313,1.8231975204520983
827,-0.6969100531892269,0.9920317455237933,1.5433454449253283,-1.1097007230359628,1.5881748845702586,-0.7891584945343187,-1.1984266170552789,-0.8300489893552743,1.2456253779592577,-1.1712209853758033,-1.391658694380619,-0.5405684772374552,-0.43112226632230105,0.06173777664441539,-1.0020020040060118,-0.4250147577130797,-0.42665336858709313,0.7500971552654602
828,-0.6969100531892269,0.9920317455237933,-1.4917488420468021,1.3645483807231515,-0.8648754667077224,-0.7891584945343187,0.05080196222402497,0.888478938916515,-1.4534545309448759,1.7135597667813476,-1.391658694380619,0.868997304346522,-1.3292936544937617,-1.148806863442157,0.9980019960059882,-0.4250147577130797,-0.42665336858709313,-0.32300320992117804
829,-0.6969100531892269,-1.0080322575483704,0.7262046753559086,-1.1097007230359628,0.18643182669712655,-0.7891584945343187,-1.1984266170552789,-0.8300489893552743,1.2456253779592577,0.2711693907027721,0.26442067219687293,-1.597742813425438,-0.43112226632230105,1.2722824167309879,0.9980019960059882,-0.4250147577130797,-0.42665336858709313,-0.32300320992117804
830,0.735587486768073,0.9920317455237933,0.4927358840503601,1.3645483807231515,-1.2153112311760055,-0.7891584945343187,0.4672114886504596,1.4613215816737781,-1.4534545309448759,1.7135597667813476,0.8164471277227036,-0.5405684772374552,1.36522051002062,-1.148806863442157,0.9980019960059882,-0.4250147577130797,-0.42665336858709313,-1.3961035751078161
831,1.451836256746723,-1.0080322575483704,1.1931422579670057,0.12742382884359435,0.8873033556336926,-0.7891584945343187,0.8836210150768942,2.0341642244310414,1.2456253779592577,-1.1712209853758033,-1.391658694380619,0.1642144135545334,-1.3292936544937617,-1.148806863442157,0.9980019960059882,-0.4250147577130797,2.3438230508096156,0.7500971552654602
832,0.735587486768073,0.9920317455237933,0.25926709274481163,1.3645483807231515,-0.16400393777115643,1.9720678684269082,1.3000305415033289,-0.25720634659801117,1.2456253779592577,0.2711693907027721,1.3684735832485342,-0.8929599226334495,-1.3292936544937617,-1.148806863442157,0.9980019960059882,-0.4250147577130797,-0.42665336858709313,-1.3961035751078161
833,-0.3387856681999019,-1.0080322575483704,-0.9080768637829308,-1.1097007230359628,-1.2153112311760055,-0.7891584945343187,-0.7820170906288442,-0.25720634659801117,-0.10391457649280908,0.2711693907027721,0.8164471277227036,-0.18817703184146087,0.4670491218491595,0.06173777664441539,0.9980019960059882,2.352859475705742,2.3438230508096156,-1.3961035751078161
834,-1.7712832081572016,-1.0080322575483704,1.0764078623142312,-1.1097007230359628,-1.5657469956442884,-0.7891584945343187,-1.1984266170552789,-0.8300489893552743,-1.4534545309448759,-1.1712209853758033,-0.2876057833289577,-1.597742813425438,-0.43112226632230105,0.06173777664441539,-1.0020020040060118,-0.4250147577130797,-0.42665336858709313,-0.32300320992117804
835,0.377463101778748,0.9920317455237933,-0.5578736768246081,-0.4911384470961842,0.18643182669712655,0.8675773232424175,0.05080196222402497,-0.8300489893552743,1.2456253779592577,0.2711693907027721,-1.391658694380619,-1.597742813425438,0.4670491218491595,0.06173777664441539,0.9980019960059882,-0.4250147577130797,-0.42665336858709313,-0.32300320992117804
836,0.377463101778748,0.9920317455237933,1.5433454449253283,-1.7282629989757414,-1.5657469956442884,0.3153320506501721,-0.36560756420240964,-0.8300489893552743,-0.10391457649280908,-1.1712209853758033,0.26442067219687293,1.5737801951385104,1.36522051002062,-1.148806863442157,0.9980019960059882,-0.4250147577130797,-0.42665336858709313,-0.32300320992117804
837,-1.055034438178552,0.9920317455237933,-1.1415456550884793,1.3645483807231515,0.8873033556336926,0.8675773232424175,0.05080196222402497,-0.8300489893552743,-0.10391457649280908,-1.1712209853758033,1.3684735832485342,1.2213887497425162,-0.43112226632230105,1.2722824167309879,-1.0020020040060118,-0.4250147577130797,2.3438230508096156,-0.32300320992117804
838,0.735587486768073,0.9920317455237933,1.426611049272554,-1.1097007230359628,1.5881748845702586,3.076558413611399,1.7164400679297633,-0.8300489893552743,1.2456253779592577,0.2711693907027721,-0.8396322388547883,1.5737801951385104,-0.43112226632230105,-1.148806863442157,0.9980019960059882,-0.4250147577130797,-0.42665336858709313,-0.32300320992117804
839,-1.4131588231678769,0.9920317455237933,0.6094702797031344,-1.1097007230359628,-0.16400393777115643,-0.23691322194207332,-0.36560756420240964,-0.25720634659801117,-0.10391457649280908,1.7135597667813476,0.8164471277227036,-0.18817703184146087,1.36522051002062,0.06173777664441539,-1.0020020040060118,-0.4250147577130797,-0.42665336858709313,0.7500971552654602
840,0.01933871678942301,-1.0080322575483704,0.4927358840503601,0.7459861047833729,-0.16400393777115643,-0.23691322194207332,1.3000305415033289,2.0341642244310414,1.2456253779592577,0.2711693907027721,1.3684735832485342,-1.597742813425438,1.36522051002062,0.06173777664441539,0.9980019960059882,-0.4250147577130797,-0.42665336858709313,-0.32300320992117804
841,1.093711871757398,-1.0080322575483704,1.1931422579670057,-0.4911384470961842,1.2377391201019754,0.8675773232424175,1.3000305415033289,0.888478938916515,-1.4534545309448759,1.7135597667813476,-1.391658694380619,1.5737801951385104,-1.3292936544937617,-1.148806863442157,0.9980019960059882,-0.4250147577130797,-0.42665336858709313,-1.3961035751078161
842,0.735587486768073,0.9920317455237933,1.6600798405781025,0.12742382884359435,1.5881748845702586,0.8675773232424175,0.05080196222402497,-0.8300489893552743,-1.4534545309448759,0.2711693907027721,-1.391658694380619,1.5737801951385104,-1.3292936544937617,1.2722824167309879,-1.0020020040060118,-0.4250147577130797,-0.42665336858709313,-0.32300320992117804
843,-0.3387856681999019,0.9920317455237933,0.14253269709203736,-0.4911384470961842,0.8873033556336926,-0.7891584945343187,-0.7820170906288442,-0.25720634659801117,-1.4534545309448759,0.2711693907027721,0.26442067219687293,-0.5405684772374552,-0.43112226632230105,-1.148806863442157,0.9980019960059882,-0.4250147577130797,-0.42665336858709313,0.7500971552654602
844,-1.055034438178552,0.9920317455237933,1.0764078623142312,-1.1097007230359628,-0.8648754667077224,-0.23691322194207332,0.05080196222402497,0.31563629615925193,-1.4534545309448759,0.2711693907027721,0.26442067219687293,-0.18817703184146087,-0.43112226632230105,-1.148806863442157,-1.0020020040060118,-0.4250147577130797,-0.42665336858709313,0.7500971552654602
845,1.451836256746723,-1.0080322575483704,-1.024811259435705,0.12742382884359435,1.2377391201019754,0.3153320506501721,0.05080196222402497,-0.25720634659801117,1.2456253779592577,-1.1712209853758033,0.8164471277227036,-1.2453513680294437,0.4670491218491595,0.06173777664441539,-1.0020020040060118,-0.4250147577130797,-0.42665336858709313,-1.3961035751078161
846,0.01933871678942301,0.9920317455237933,1.6600798405781025,1.3645483807231515,-0.5144397022394394,-0.23691322194207332,-0.36560756420240964,-0.25720634659801117,1.2456253779592577,0.2711693907027721,0.26442067219687293,0.868997304346522,-0.43112226632230105,-1.148806863442157,-1.0020020040060118,-0.4250147577130797,-0.42665336858709313,0.7500971552654602
847,0.377463101778748,-1.0080322575483704,1.1931422579670057,1.3645483807231515,-1.2153112311760055,-0.23691322194207332,-0.7820170906288442,-0.8300489893552743,-0.10391457649280908,-1.1712209853758033,-1.391658694380619,-1.2453513680294437,-0.43112226632230105,1.2722824167309879,0.9980019960059882,-0.4250147577130797,-0.42665336858709313,1.8231975204520983
848,-0.6969100531892269,0.9920317455237933,-1.024811259435705,-0.4911384470961842,0.5368675911654095,0.3153320506501721,0.4672114886504596,0.31563629615925193,1.2456253779592577,1.7135597667813476,-0.8396322388547883,0.5166058589505277,0.4670491218491595,0.06173777664441539,0.9980019960059882,-0.4250147577130797,-0.42665336858709313,-1.3961035751078161
849,0.01933871678942301,0.9920317455237933,0.7262046753559086,-0.4911384470961842,-1.2153112311760055,-0.7891584945343187,-1.1984266170552789,-0.8300489893552743,-0.10391457649280908,0.2711693907027721,-0.8396322388547883,1.5737801951385104,1.36522051002062,-1.148806863442157,-1.0020020040060118,-0.4250147577130797,-0.42665336858709313,-0.32300320992117804
850,-0.6969100531892269,0.9920317455237933,0.8429390710086828,-0.4911384470961842,-1.2153112311760055,-0.7891584945343187,-1.1984266170552789,-0.8300489893552743,-1.4534545309448759,-1.1712209853758033,1.3684735832485342,-1.2453513680294437,-1.3292936544937617,0.06173777664441539,-1.0020020040060118,-0.4250147577130797,-0.42665336858709313,0.7500971552654602
851,0.377463101778748,0.9920317455237933,0.8429390710086828,1.3645483807231515,-0.8648754667077224,-0.7891584945343187,-0.7820170906288442,-0.25720634659801117,-1.4534545309448759,0.2711693907027721,1.3684735832485342,1.2213887497425162,-1.3292936544937617,-1.148806863442157,-1.0020020040060118,-0.4250147577130797,-0.42665336858709313,-1.3961035751078161
852,-1.055034438178552,0.9920317455237933,-0.09093609421351112,1.3645483807231515,1.5881748845702586,-0.7891584945343187,-1.1984266170552789,-0.8300489893552743,-0.10391457649280908,0.2711693907027721,-0.8396322388547883,-0.18817703184146087,1.36522051002062,0.06173777664441539,0.9980019960059882,-0.4250147577130797,-0.42665336858709313,1.8231975204520983
853,1.8099606417360476,0.9920317455237933,1.6600798405781025,-1.7282629989757414,0.8873033556336926,2.5243131410191535,1.3000305415033289,-0.8300489893552743,-1.4534545309448759,0.2711693907027721,1.3684735832485342,-1.597742813425438,-0.43112226632230105,0.06173777664441539,0.9980019960059882,-0.4250147577130797,-0.42665336858709313,1.8231975204520983
854,-0.6969100531892269,0.9920317455237933,0.959673466661457,-0.4911384470961842,-1.2153112311760055,-0.23691322194207332,0.4672114886504596,0.888478938916515,-0.10391457649280908,0.2711693907027721,0.8164471277227036,0.5166058589505277,0.4670491218491595,0.06173777664441539,-1.0020020040060118,-0.4250147577130797,-0.42665336858709313,0.7500971552654602
855,-1.7712832081572016,0.9920317455237933,0.6094702797031344,0.7459861047833729,-0.16400393777115643,-0.7891584945343187,-1.1984266170552789,-0.8300489893552743,-0.10391457649280908,1.7135597667813476,-0.8396322388547883,0.5166058589505277,-1.3292936544937617,0.06173777664441539,0.9980019960059882,-0.4250147577130797,2.3438230508096156,-0.32300320992117804
856,-1.055034438178552,-1.0080322575483704,1.426611049272554,0.12742382884359435,1.5881748845702586,-0.23691322194207332,-0.36560756420240964,-0.25720634659801117,1.2456253779592577,0.2711693907027721,-1.391658694380619,0.868997304346522,0.4670491218491595,-1.148806863442157,0.9980019960059882,-0.4250147577130797,-0.42665336858709313,0.7500971552654602
857,1.451836256746723,-1.0080322575483704,0.959673466661457,1.3645483807231515,0.18643182669712655,-0.23691322194207332,-0.36560756420240964,-0.25720634659801117,1.2456253779592577,1.7135597667813476,0.8164471277227036,-0.5405684772374552,-0.43112226632230105,1.2722824167309879,-1.0020020040060118,-0.4250147577130797,-0.42665336858709313,0.7500971552654602
858,1.451836256746723,0.9920317455237933,0.4927358840503601,-1.7282629989757414,-1.5657469956442884,-0.7891584945343187,-1.1984266170552789,-0.8300489893552743,-0.10391457649280908,1.7135597667813476,0.26442067219687293,0.868997304346522,-1.3292936544937617,0.06173777664441539,0.9980019960059882,-0.4250147577130797,-0.42665336858709313,0.7500971552654602
859,-0.3387856681999019,0.9920317455237933,-0.20767048986628536,0.7459861047833729,-0.8648754667077224,-0.23691322194207332,-0.36560756420240964,-0.25720634659801117,-0.10391457649280908,-1.1712209853758033,-0.8396322388547883,1.5737801951385104,-1.3292936544937617,0.06173777664441539,-1.0020020040060118,-0.4250147577130797,-0.42665336858709313,0.7500971552654602
860,-0.6969100531892269,-1.0080322575483704,0.37600148839758585,-0.4911384470961842,0.8873033556336926,-0.7891584945343187,-1.1984266170552789,-0.8300489893552743,1.2456253779592577,1.7135597667813476,-0.2876057833289577,0.5166058589505277,0.4670491218491595,-1.148806863442157,-1.0020020040060118,-0.4250147577130797,2.3438230508096156,0.7500971552654602
861,-1.4131588231678769,-1.0080322575483704,-0.7913424681301566,1.3645483807231515,-0.16400393777115643,-0.7891584945343187,-1.1984266170552789,-0.8300489893552743,1.2456253779592577,-1.1712209853758033,-0.8396322388547883,0.1642144135545334,-0.43112226632230105,1.2722824167309879,0.9980019960059882,-0.4250147577130797,-0.42665336858709313,-0.32300320992117804
862,-1.7712832081572016,0.9920317455237933,-0.7913424681301566,-0.4911384470961842,1.5881748845702586,-0.7891584945343187,-0.7820170906288442,-0.25720634659801117,-1.4534545309448759,1.7135597667813476,-1.391658694380619,-1.2453513680294437,-1.3292936544937617,0.06173777664441539,0.9980019960059882,-0.4250147577130797,-0.42665336858709313,0.7500971552654602
863,-0.6969100531892269,0.9920317455237933,-0.7913424681301566,-0.4911384470961842,0.8873033556336926,-0.7891584945343187,0.05080196222402497,0.888478938916515,1.2456253779592577,0.2711693907027721,-0.8396322388547883,0.1642144135545334,0.4670491218491595,-1.148806863442157,-1.0020020040060118,-0.4250147577130797,-0.42665336858709313,-1.3961035751078161
864,-0.3387856681999019,0.9920317455237933,-0.20767048986628536,-1.1097007230359628,1.5881748845702586,0.8675773232424175,0.4672114886504596,-0.25720634659801117,-0.10391457649280908,-1.1712209853758033,-0.2876057833289577,-1.2453513680294437,-0.43112226632230105,1.2722824167309879,-1.0020020040060118,-0.4250147577130797,-0.42665336858709313,-1.3961035751078161
865,-0.6969100531892269,-1.0080322575483704,-0.9080768637829308,1.3645483807231515,1.5881748845702586,0.3153320506501721,-0.36560756420240964,-0.8300489893552743,-0.10391457649280908,1.7135597667813476,-1.391658694380619,-0.18817703184146087,0.4670491218491595,0.06173777664441539,0.9980019960059882,-0.4250147577130797,-0.42665336858709313,1.8231975204520983
866,-0.3387856681999019,-1.0080322575483704,0.959673466661457,-0.4911384470961842,0.8873033556336926,-0.7891584945343187,-0.36560756420240964,0.31563629615925193,-1.4534545309448759,0.2711693907027721,-0.2876057833289577,0.1642144135545334,-1.3292936544937617,-1.148806863442157,0.9980019960059882,-0.4250147577130797,2.3438230508096156,-1.3961035751078161
867,1.093711871757398,-1.0080322575483704,-0.9080768637829308,1.3645483807231515,0.8873033556336926,1.9720678684269082,0.8836210150768942,-0.8300489893552743,1.2456253779592577,-1.1712209853758033,0.26442067219687293,1.5737801951385104,-0.43112226632230105,-1.148806863442157,-1.0020020040060118,-0.4250147577130797,-0.42665336858709313,1.8231975204520983
868,2.1680850267253726,-1.0080322575483704,-1.375014446394028,-1.1097007230359628,-1.5657469956442884,-0.23691322194207332,2.5492591207826325,3.7526921527028305,1.2456253779592577,-1.1712209853758033,0.8164471277227036,-1.597742813425438,1.36522051002062,-1.148806863442157,0.9980019960059882,-0.4250147577130797,-0.42665336858709313,-1.3961035751078161
869,-0.3387856681999019,0.9920317455237933,-0.9080768637829308,1.3645483807231515,-0.8648754667077224,-0.7891584945343187,-1.1984266170552789,-0.8300489893552743,-0.10391457649280908,-1.1712209853758033,0.8164471277227036,-1.2453513680294437,0.4670491218491595,-1.148806863442157,-1.0020020040060118,-0.4250147577130797,-0.42665336858709313,-0.32300320992117804
870,0.377463101778748,0.9920317455237933,0.959673466661457,0.7459861047833729,-0.8648754667077224,-0.23691322194207332,-0.36560756420240964,-0.25720634659801117,-0.10391457649280908,0.2711693907027721,1.3684735832485342,1.5737801951385104,1.36522051002062,-1.148806863442157,-1.0020020040060118,-0.4250147577130797,-0.42665336858709313,-1.3961035751078161
871,0.735587486768073,0.9920317455237933,1.5433454449253283,0.7459861047833729,1.5881748845702586,-0.23691322194207332,0.8836210150768942,1.4613215816737781,1.2456253779592577,-1.1712209853758033,0.8164471277227036,0.1642144135545334,-0.43112226632230105,1.2722824167309879,-1.0020020040060118,-0.4250147577130797,2.3438230508096156,-1.3961035751078161
872,0.735587486768073,-1.0080322575483704,-1.7252176333523506,0.12742382884359435,-0.16400393777115643,0.8675773232424175,0.05080196222402497,-0.8300489893552743,1.2456253779592577,-1.1712209853758033,0.26442067219687293,-1.2453513680294437,-1.3292936544937617,1.2722824167309879,-1.0020020040060118,-0.4250147577130797,-0.42665336858709313,1.8231975204520983
873,2.1680850267253726,-1.0080322575483704,1.1931422579670057,-1.1097007230359628,0.18643182669712655,1.4198225958346629,0.8836210150768942,-0.25720634659801117,1.2456253779592577,-1.1712209853758033,0.26442067219687293,1.2213887497425162,-0.43112226632230105,1.2722824167309879,0.9980019960059882,2.352859475705742,2.3438230508096156,-0.32300320992117804
874,0.01933871678942301,0.9920317455237933,0.14253269709203736,-1.1097007230359628,0.8873033556336926,-0.7891584945343187,-1.1984266170552789,-0.8300489893552743,-0.10391457649280908,1.7135597667813476,0.8164471277227036,1.2213887497425162,-0.43112226632230105,1.2722824167309879,-1.0020020040060118,2.352859475705742,-0.42665336858709313,1.8231975204520983
875,1.093711871757398,0.9920317455237933,0.025798301439263118,-0.4911384470961842,-0.5144397022394394,1.4198225958346629,0.4672114886504596,-0.8300489893552743,1.2456253779592577,0.2711693907027721,-1.391658694380619,-1.2453513680294437,-1.3292936544937617,0.06173777664441539,0.9980019960059882,-0.4250147577130797,-0.42665336858709313,0.7500971552654602
876,-0.6969100531892269,-1.0080322575483704,0.14253269709203736,0.7459861047833729,-0.16400393777115643,-0.7891584945343187,-1.1984266170552789,-0.8300489893552743,-1.4534545309448759,0.2711693907027721,0.26442067219687293,1.2213887497425162,-0.43112226632230105,-1.148806863442157,-1.0020020040060118,-0.4250147577130797,-0.42665336858709313,-0.32300320992117804
877,-0.3387856681999019,-1.0080322575483704,0.025798301439263118,0.7459861047833729,-1.2153112311760055,-0.7891584945343187,-1.1984266170552789,-0.8300489893552743,-0.10391457649280908,-1.1712209853758033,0.8164471277227036,0.5166058589505277,-1.3292936544937617,1.2722824167309879,-1.0020020040060118,2.352859475705742,2.3438230508096156,-1.3961035751078161
878,0.01933871678942301,0.9920317455237933,0.025798301439263118,-0.4911384470961842,-0.5144397022394394,-0.7891584945343187,-1.1984266170552789,-0.8300489893552743,-0.10391457649280908,0.2711693907027721,1.3684735832485342,-0.8929599226334495,-0.43112226632230105,0.06173777664441539,-1.0020020040060118,-0.4250147577130797,-0.42665336858709313,-0.32300320992117804
879,-0.3387856681999019,-1.0080322575483704,0.4927358840503601,-1.1097007230359628,-1.2153112311760055,-0.7891584945343187,-0.7820170906288442,-0.25720634659801117,-0.10391457649280908,-1.1712209853758033,-0.8396322388547883,-0.5405684772374552,0.4670491218491595,-1.148806863442157,0.9980019960059882,-0.4250147577130797,-0.42665336858709313,-1.3961035751078161
880,-1.4131588231678769,0.9920317455237933,1.0764078623142312,1.3645483807231515,0.5368675911654095,-0.23691322194207332,-0.36560756420240964,-0.25720634659801117,1.2456253779592577,-1.1712209853758033,1.3684735832485342,0.868997304346522,0.4670491218491595,-1.148806863442157,-1.0020020040060118,-0.4250147577130797,-0.42665336858709313,-1.3961035751078161
881,0.735587486768073,-1.0080322575483704,1.6600798405781025,0.7459861047833729,0.8873033556336926,1.4198225958346629,0.4672114886504596,-0.8300489893552743,1.2456253779592577,0.2711693907027721,-1.391658694380619,0.1642144135545334,-1.3292936544937617,1.2722824167309879,0.9980019960059882,-0.4250147577130797,2.3438230508096156,0.7500971552654602
882,0.735587486768073,0.9920317455237933,-1.375014446394028,-0.4911384470961842,-0.5144397022394394,2.5243131410191535,1.7164400679297633,-0.25720634659801117,-1.4534545309448759,0.2711693907027721,0.26442067219687293,-0.5405684772374552,1.36522051002062,-1.148806863442157,0.9980019960059882,-0.4250147577130797,-0.42665336858709313,0.7500971552654602
883,2.1680850267253726,0.9920317455237933,0.7262046753559086,0.7459861047833729,0.8873033556336926,1.4198225958346629,1.7164400679297633,0.888478938916515,-1.4534545309448759,0.2711693907027721,-1.391658694380619,-0.5405684772374552,-0.43112226632230105,-1.148806863442157,-1.0020020040060118,-0.4250147577130797,-0.42665336858709313,0.7500971552654602
884,-1.4131588231678769,-1.0080322575483704,-1.375014446394028,1.3645483807231515,-1.5657469956442884,-0.23691322194207332,-0.36560756420240964,-0.25720634659801117,-1.4534545309448759,-1.1712209853758033,-0.8396322388547883,-0.8929599226334495,-0.43112226632230105,0.06173777664441539,0.9980019960059882,-0.4250147577130797,-0.42665336858709313,0.7500971552654602
885,-1.7712832081572016,-1.0080322575483704,1.426611049272554,0.12742382884359435,-0.8648754667077224,-0.7891584945343187,-1.1984266170552789,-0.8300489893552743,1.2456253779592577,1.7135597667813476,-0.8396322388547883,0.5166058589505277,-0.43112226632230105,0.06173777664441539,0.9980019960059882,-0.4250147577130797,-0.42665336858709313,1.8231975204520983
886,1.093711871757398,0.9920317455237933,0.4927358840503601,-1.1097007230359628,-0.8648754667077224,1.4198225958346629,2.5492591207826325,2.0341642244310414,-1.4534545309448759,0.2711693907027721,-0.2876057833289577,0.5166058589505277,0.4670491218491595,0.06173777664441539,-1.0020020040060118,-0.4250147577130797,-0.42665336858709313,1.8231975204520983
887,0.01933871678942301,-1.0080322575483704,-0.5578736768246081,1.3645483807231515,0.8873033556336926,0.3153320506501721,0.4672114886504596,0.31563629615925193,-0.10391457649280908,-1.1712209853758033,0.8164471277227036,1.2213887497425162,-1.3292936544937617,1.2722824167309879,0.9980019960059882,2.352859475705742,-0.42665336858709313,-0.32300320992117804
888,-0.6969100531892269,0.9920317455237933,-0.7913424681301566,-1.1097007230359628,-1.5657469956442884,-0.7891584945343187,-1.1984266170552789,-0.8300489893552743,-0.10391457649280908,0.2711693907027721,-0.2876057833289577,-0.8929599226334495,-0.43112226632230105,1.2722824167309879,0.9980019960059882,-0.4250147577130797,-0.42665336858709313,-0.32300320992117804
889,0.01933871678942301,0.9920317455237933,0.7262046753559086,0.12742382884359435,-0.5144397022394394,-0.7891584945343187,0.05080196222402497,0.888478938916515,-0.10391457649280908,-1.1712209853758033,-0.8396322388547883,-0.5405684772374552,-0.43112226632230105,0.06173777664441539,-1.0020020040060118,-0.4250147577130797,-0.42665336858709313,-0.32300320992117804
890,1.8099606417360476,-1.0080322575483704,-1.2582800507412535,0.7459861047833729,-0.8648754667077224,-0.7891584945343187,-1.1984266170552789,-0.8300489893552743,-0.10391457649280908,-1.1712209853758033,-1.391658694380619,0.868997304346522,-0.43112226632230105,1.2722824167309879,0.9980019960059882,-0.4250147577130797,-0.42665336858709313,-1.3961035751078161
891,-0.3387856681999019,-1.0080322575483704,0.8429390710086828,0.7459861047833729,1.5881748845702586,0.3153320506501721,-0.36560756420240964,-0.8300489893552743,-1.4534545309448759,1.7135597667813476,0.26442067219687293,1.5737801951385104,-0.43112226632230105,-1.148806863442157,-1.0020020040060118,-0.4250147577130797,-0.42665336858709313,-0.32300320992117804
892,0.735587486768073,-1.0080322575483704,0.7262046753559086,1.3645483807231515,-1.2153112311760055,-0.23691322194207332,-0.36560756420240964,-0.25720634659801117,-0.10391457649280908,-1.1712209853758033,-0.8396322388547883,1.5737801951385104,0.4670491218491595,1.2722824167309879,-1.0020020040060118,-0.4250147577130797,2.3438230508096156,-1.3961035751078161
893,-1.055034438178552,-1.0080322575483704,0.37600148839758585,-1.7282629989757414,-0.16400393777115643,-0.7891584945343187,-0.7820170906288442,-0.25720634659801117,-0.10391457649280908,-1.1712209853758033,1.3684735832485342,0.868997304346522,1.36522051002062,0.06173777664441539,0.9980019960059882,2.352859475705742,-0.42665336858709313,-0.32300320992117804
894,1.451836256746723,-1.0080322575483704,0.14253269709203736,-0.4911384470961842,0.5368675911654095,0.3153320506501721,0.4672114886504596,0.31563629615925193,-0.10391457649280908,-1.1712209853758033,-1.391658694380619,0.868997304346522,-1.3292936544937617,1.2722824167309879,-1.0020020040060118,2.352859475705742,-0.42665336858709313,-0.32300320992117804
895,1.8099606417360476,0.9920317455237933,-0.09093609421351112,0.7459861047833729,-0.8648754667077224,0.3153320506501721,2.132849594356198,2.6070068671883044,-0.10391457649280908,0.2711693907027721,-1.391658694380619,1.5737801951385104,1.36522051002062,1.2722824167309879,-1.0020020040060118,-0.4250147577130797,-0.42665336858709313,-1.3961035751078161
896,-1.4131588231678769,-1.0080322575483704,-0.4411392811718339,1.3645483807231515,1.2377391201019754,-0.7891584945343187,-1.1984266170552789,-0.8300489893552743,-1.4534545309448759,0.2711693907027721,-0.8396322388547883,0.868997304346522,-1.3292936544937617,1.2722824167309879,0.9980019960059882,-0.4250147577130797,-0.42665336858709313,-0.32300320992117804
897,-1.7712832081572016,-1.0080322575483704,-0.09093609421351112,0.12742382884359435,1.5881748845702586,-0.7891584945343187,-1.1984266170552789,-0.8300489893552743,1.2456253779592577,-1.1712209853758033,-1.391658694380619,-1.597742813425438,1.36522051002062,1.2722824167309879,-1.0020020040060118,-0.4250147577130797,-0.42665336858709313,-1.3961035751078161
898,-1.4131588231678769,-1.0080322575483704,-0.20767048986628536,-0.4911384470961842,0.5368675911654095,0.3153320506501721,-0.36560756420240964,-0.8300489893552743,-1.4534545309448759,0.2711693907027721,0.26442067219687293,0.868997304346522,-1.3292936544937617,-1.148806863442157,-1.0020020040060118,-0.4250147577130797,-0.42665336858709313,-0.32300320992117804
899,0.377463101778748,0.9920317455237933,-0.6746080724773823,-1.7282629989757414,-0.16400393777115643,-0.23691322194207332,0.4672114886504596,0.888478938916515,1.2456253779592577,1.7135597667813476,1.3684735832485342,1.2213887497425162,-1.3292936544937617,0.06173777664441539,0.9980019960059882,-0.4250147577130797,-0.42665336858709313,-1.3961035751078161
900,0.01933871678942301,-1.0080322575483704,1.1931422579670057,0.7459861047833729,1.2377391201019754,0.3153320506501721,1.3000305415033289,1.4613215816737781,-0.10391457649280908,1.7135597667813476,0.26442067219687293,-0.18817703184146087,-1.3292936544937617,1.2722824167309879,0.9980019960059882,-0.4250147577130797,-0.42665336858709313,-0.32300320992117804
901,0.01933871678942301,-1.0080322575483704,-1.1415456550884793,-1.1097007230359628,-0.16400393777115643,-0.7891584945343187,-0.7820170906288442,-0.25720634659801117,-1.4534545309448759,-1.1712209853758033,1.3684735832485342,0.5166058589505277,0.4670491218491595,1.2722824167309879,-1.0020020040060118,2.352859475705742,-0.42665336858709313,0.7500971552654602
902,1.093711871757398,-1.0080322575483704,-1.4917488420468021,-0.4911384470961842,1.2377391201019754,2.5243131410191535,1.7164400679297633,-0.25720634659801117,-1.4534545309448759,0.2711693907027721,-1.391658694380619,-0.8929599226334495,0.4670491218491595,-1.148806863442157,0.9980019960059882,-0.4250147577130797,2.3438230508096156,-1.3961035751078161
903,1.8099606417360476,-1.0080322575483704,-1.1415456550884793,0.12742382884359435,0.8873033556336926,1.4198225958346629,0.4672114886504596,-0.8300489893552743,-1.4534545309448759,0.2711693907027721,-0.8396322388547883,1.2213887497425162,1.36522051002062,-1.148806863442157,0.9980019960059882,-0.4250147577130797,-0.42665336858709313,-0.32300320992117804
904,-1.055034438178552,-1.0080322575483704,0.37600148839758585,-1.7282629989757414,-0.16400393777115643,-0.23691322194207332,-0.36560756420240964,-0.25720634659801117,-1.4534545309448759,1.7135597667813476,-0.8396322388547883,-0.8929599226334495,0.4670491218491595,-1.148806863442157,-1.0020020040060118,-0.4250147577130797,-0.42665336858709313,-1.3961035751078161
905,1.093711871757398,-1.0080322575483704,1.0764078623142312,-0.4911384470961842,-0.8648754667077224,1.9720678684269082,1.7164400679297633,0.31563629615925193,1.2456253779592577,-1.1712209853758033,-1.391658694380619,0.868997304346522,1.36522051002062,0.06173777664441539,0.9980019960059882,-0.4250147577130797,-0.42665336858709313,-0.32300320992117804
906,0.377463101778748,-1.0080322575483704,1.1931422579670057,0.12742382884359435,-1.2153112311760055,0.3153320506501721,0.05080196222402497,-0.25720634659801117,-1.4534545309448759,0.2711693907027721,-0.2876057833289577,-0.8929599226334495,1.36522051002062,-1.148806863442157,0.9980019960059882,-0.4250147577130797,-0.42665336858709313,-0.32300320992117804
907,0.377463101778748,-1.0080322575483704,0.14253269709203736,0.7459861047833729,-0.16400393777115643,-0.23691322194207332,0.05080196222402497,0.31563629615925193,-1.4534545309448759,1.7135597667813476,1.3684735832485342,1.5737801951385104,0.4670491218491595,1.2722824167309879,0.9980019960059882,-0.4250147577130797,2.3438230508096156,0.7500971552654602
908,-0.3387856681999019,-1.0080322575483704,-1.6084832376995764,0.7459861047833729,-0.5144397022394394,1.4198225958346629,0.4672114886504596,-0.8300489893552743,-0.10391457649280908,-1.1712209853758033,0.8164471277227036,-0.18817703184146087,-1.3292936544937617,1.2722824167309879,0.9980019960059882,2.352859475705742,2.3438230508096156,-0.32300320992117804
909,-1.4131588231678769,0.9920317455237933,0.025798301439263118,-0.4911384470961842,0.5368675911654095,0.3153320506501721,-0.36560756420240964,-0.8300489893552743,-0.10391457649280908,-1.1712209853758033,-1.391658694380619,-0.5405684772374552,-1.3292936544937617,-1.148806863442157,-1.0020020040060118,-0.4250147577130797,-0.42665336858709313,-1.3961035751078161
910,-1.055034438178552,0.9920317455237933,0.8429390710086828,-1.1097007230359628,0.8873033556336926,-0.7891584945343187,-1.1984266170552789,-0.8300489893552743,-0.10391457649280908,-1.1712209853758033,1.3684735832485342,-1.2453513680294437,-1.3292936544937617,0.06173777664441539,-1.0020020040060118,2.352859475705742,-0.42665336858709313,0.7500971552654602
911,0.377463101778748,0.9920317455237933,0.14253269709203736,-1.1097007230359628,0.8873033556336926,-0.7891584945343187,-1.1984266170552789,-0.8300489893552743,1.2456253779592577,0.2711693907027721,0.8164471277227036,-0.18817703184146087,-1.3292936544937617,1.2722824167309879,-1.0020020040060118,-0.4250147577130797,-0.42665336858709313,-0.32300320992117804
912,1.451836256746723,-1.0080322575483704,1.5433454449253283,0.12742382884359435,-0.8648754667077224,-0.23691322194207332,1.7164400679297633,2.6070068671883044,1.2456253779592577,0.2711693907027721,0.8164471277227036,0.868997304346522,-0.43112226632230105,-1.148806863442157,0.9980019960059882,-0.4250147577130797,2.3438230508096156,-1.3961035751078161
913,-0.6969100531892269,-1.0080322575483704,1.30987665361978,0.7459861047833729,0.8873033556336926,-0.7891584945343187,-0.7820170906288442,-0.25720634659801117,-0.10391457649280908,-1.1712209853758033,-0.8396322388547883,1.5737801951385104,0.4670491218491595,-1.148806863442157,-1.0020020040060118,-0.4250147577130797,-0.42665336858709313,0.7500971552654602
914,-1.055034438178552,0.9920317455237933,-1.375014446394028,-1.1097007230359628,1.5881748845702586,-0.7891584945343187,-0.7820170906288442,-0.25720634659801117,1.2456253779592577,-1.1712209853758033,0.8164471277227036,-1.597742813425438,-0.43112226632230105,-1.148806863442157,-1.0020020040060118,-0.4250147577130797,-0.42665336858709313,-0.32300320992117804
915,1.093711871757398,0.9920317455237933,0.959673466661457,-1.7282629989757414,-1.2153112311760055,3.076558413611399,2.132849594356198,-0.25720634659801117,-0.10391457649280908,-1.1712209853758033,-1.391658694380619,-0.8929599226334495,-0.43112226632230105,0.06173777664441539,-1.0020020040060118,-0.4250147577130797,2.3438230508096156,-0.32300320992117804
916,-0.6969100531892269,-1.0080322575483704,1.426611049272554,-1.7282629989757414,1.5881748845702586,-0.7891584945343187,-1.1984266170552789,-0.8300489893552743,-1.4534545309448759,-1.1712209853758033,-0.2876057833289577,1.5737801951385104,-0.43112226632230105,-1.148806863442157,0.9980019960059882,-0.4250147577130797,-0.42665336858709313,-1.3961035751078161
917,-1.7712832081572016,0.9920317455237933,-0.09093609421351112,1.3645483807231515,0.18643182669712655,-0.7891584945343187,-1.1984266170552789,-0.8300489893552743,-1.4534545309448759,-1.1712209853758033,1.3684735832485342,0.1642144135545334,0.4670491218491595,0.06173777664441539,-1.0020020040060118,-0.4250147577130797,2.3438230508096156,1.8231975204520983
918,0.377463101778748,0.9920317455237933,-1.6084832376995764,0.7459861047833729,-0.8648754667077224,-0.7891584945343187,-1.1984266170552789,-0.8300489893552743,-1.4534545309448759,-1.1712209853758033,0.8164471277227036,0.5166058589505277,-0.43112226632230105,0.06173777664441539,0.9980019960059882,-0.4250147577130797,-0.42665336858709313,0.7500971552654602
919,-0.6969100531892269,-1.0080322575483704,0.14253269709203736,-1.7282629989757414,-0.8648754667077224,-0.23691322194207332,-0.7820170906288442,-0.8300489893552743,-0.10391457649280908,-1.1712209853758033,-1.391658694380619,0.868997304346522,0.4670491218491595,-1.148806863442157,-1.0020020040060118,-0.4250147577130797,-0.42665336858709313,-0.32300320992117804
920,-0.6969100531892269,-1.0080322575483704,-1.2582800507412535,1.3645483807231515,-0.5144397022394394,-0.7891584945343187,0.05080196222402497,0.888478938916515,-0.10391457649280908,0.2711693907027721,-1.391658694380619,-1.597742813425438,-1.3292936544937617,0.06173777664441539,0.9980019960059882,-0.4250147577130797,2.3438230508096156,-1.3961035751078161
921,1.093711871757398,-1.0080322575483704,0.025798301439263118,-0.4911384470961842,0.5368675911654095,3.6288036862036446,2.132849594356198,-0.8300489893552743,-1.4534545309448759,-1.1712209853758033,0.8164471277227036,0.5166058589505277,1.36522051002062,1.2722824167309879,0.9980019960059882,-0.4250147577130797,2.3438230508096156,1.8231975204520983
922,-1.055034438178552,-1.0080322575483704,0.8429390710086828,-1.1097007230359628,0.5368675911654095,-0.7891584945343187,-1.1984266170552789,-0.8300489893552743,-0.10391457649280908,0.2711693907027721,1.3684735832485342,0.5166058589505277,1.36522051002062,1.2722824167309879,0.9980019960059882,-0.4250147577130797,2.3438230508096156,-1.3961035751078161
923,-0.6969100531892269,-1.0080322575483704,-1.2582800507412535,-1.1097007230359628,1.2377391201019754,0.3153320506501721,-0.36560756420240964,-0.8300489893552743,-0.10391457649280908,-1.1712209853758033,0.8164471277227036,1.5737801951385104,-1.3292936544937617,1.2722824167309879,0.9980019960059882,2.352859475705742,-0.42665336858709313,-1.3961035751078161
924,1.093711871757398,0.9920317455237933,-1.1415456550884793,-1.1097007230359628,-0.8648754667077224,-0.7891584945343187,-1.1984266170552789,-0.8300489893552743,-1.4534545309448759,-1.1712209853758033,-1.391658694380619,-0.5405684772374552,-1.3292936544937617,0.06173777664441539,-1.0020020040060118,2.352859475705742,-0.42665336858709313,-0.32300320992117804
925,0.735587486768073,-1.0080322575483704,-0.20767048986628536,-0.4911384470961842,-0.8648754667077224,-0.7891584945343187,0.4672114886504596,1.4613215816737781,1.2456253779592577,0.2711693907027721,-1.391658694380619,1.5737801951385104,-0.43112226632230105,-1.148806863442157,-1.0020020040060118,-0.4250147577130797,-0.42665336858709313,1.8231975204520983
926,1.093711871757398,-1.0080322575483704,1.5433454449253283,1.3645483807231515,-1.5657469956442884,-0.7891584945343187,0.8836210150768942,2.0341642244310414,-0.10391457649280908,-1.1712209853758033,1.3684735832485342,1.5737801951385104,1.36522051002062,-1.148806863442157,0.9980019960059882,-0.4250147577130797,-0.42665336858709313,1.8231975204520983
927,-0.3387856681999019,-1.0080322575483704,0.14253269709203736,0.12742382884359435,0.18643182669712655,-0.7891584945343187,-1.1984266170552789,-0.8300489893552743,1.2456253779592577,1.7135597667813476,-0.2876057833289577,1.2213887497425162,-0.43112226632230105,-1.148806863442157,0.9980019960059882,2.352859475705742,-0.42665336858709313,0.7500971552654602
928,1.093711871757398,0.9920317455237933,-1.024811259435705,1.3645483807231515,-1.5657469956442884,-0.23691322194207332,-0.7820170906288442,-0.8300489893552743,-0.10391457649280908,-1.1712209853758033,1.3684735832485342,-1.597742813425438,0.4670491218491595,0.06173777664441539,0.9980019960059882,-0.4250147577130797,-0.42665336858709313,-0.32300320992117804
929,-1.4131588231678769,0.9920317455237933,-0.7913424681301566,1.3645483807231515,-0.16400393777115643,0.3153320506501721,-0.36560756420240964,-0.8300489893552743,-1.4534545309448759,1.7135597667813476,1.3684735832485342,-0.8929599226334495,1.36522051002062,-1.148806863442157,0.9980019960059882,2.352859475705742,2.3438230508096156,-0.32300320992117804
930,0.735587486768073,0.9920317455237933,-1.6084832376995764,0.7459861047833729,-0.5144397022394394,-0.23691322194207332,0.4672114886504596,0.888478938916515,-1.4534545309448759,0.2711693907027721,-0.2876057833289577,-0.18817703184146087,-1.3292936544937617,1.2722824167309879,-1.0020020040060118,-0.4250147577130797,-0.42665336858709313,1.8231975204520983
931,-1.4131588231678769,0.9920317455237933,-0.4411392811718339,-0.4911384470961842,1.5881748845702586,-0.23691322194207332,-0.36560756420240964,-0.25720634659801117,-1.4534545309448759,1.7135597667813476,0.26442067219687293,1.5737801951385104,-1.3292936544937617,-1.148806863442157,0.9980019960059882,-0.4250147577130797,-0.42665336858709313,-0.32300320992117804
932,0.377463101778748,-1.0080322575483704,0.8429390710086828,-1.1097007230359628,1.5881748845702586,1.4198225958346629,1.7164400679297633,0.888478938916515,-0.10391457649280908,0.2711693907027721,0.26442067219687293,-1.2453513680294437,-1.3292936544937617,-1.148806863442157,-1.0020020040060118,-0.4250147577130797,-0.42665336858709313,0.7500971552654602
933,-0.6969100531892269,-1.0080322575483704,0.8429390710086828,0.12742382884359435,1.5881748845702586,-0.7891584945343187,-1.1984266170552789,-0.8300489893552743,-0.10391457649280908,0.2711693907027721,-0.2876057833289577,0.1642144135545334,1.36522051002062,-1.148806863442157,-1.0020020040060118,-0.4250147577130797,2.3438230508096156,1.8231975204520983
934,-0.3387856681999019,-1.0080322575483704,1.0764078623142312,0.7459861047833729,-0.16400393777115643,0.3153320506501721,-0.36560756420240964,-0.8300489893552743,-1.4534545309448759,0.2711693907027721,0.8164471277227036,-1.597742813425438,-0.43112226632230105,1.2722824167309879,0.9980019960059882,-0.4250147577130797,-0.42665336858709313,1.8231975204520983
935,0.735587486768073,0.9920317455237933,-1.6084832376995764,0.12742382884359435,0.5368675911654095,-0.7891584945343187,0.8836210150768942,2.0341642244310414,1.2456253779592577,1.7135597667813476,-0.2876057833289577,1.2213887497425162,1.36522051002062,0.06173777664441539,-1.0020020040060118,-0.4250147577130797,-0.42665336858709313,-0.32300320992117804
936,1.8099606417360476,0.9920317455237933,-0.5578736768246081,-0.4911384470961842,0.8873033556336926,-0.23691322194207332,1.7164400679297633,2.6070068671883044,-1.4534545309448759,0.2711693907027721,-0.8396322388547883,-0.18817703184146087,1.36522051002062,0.06173777664441539,-1.0020020040060118,-0.4250147577130797,-0.42665336858709313,-1.3961035751078161
937,0.377463101778748,-1.0080322575483704,-0.7913424681301566,0.12742382884359435,1.2377391201019754,-0.7891584945343187,0.05080196222402497,0.888478938916515,1.2456253779592577,-1.1712209853758033,-0.8396322388547883,-0.5405684772374552,0.4670491218491595,-1.148806863442157,-1.0020020040060118,-0.4250147577130797,-0.42665336858709313,-0.32300320992117804
938,0.735587486768073,0.9920317455237933,0.7262046753559086,1.3645483807231515,0.8873033556336926,0.3153320506501721,-0.36560756420240964,-0.8300489893552743,-0.10391457649280908,0.2711693907027721,1.3684735832485342,-1.2453513680294437,-1.3292936544937617,-1.148806863442157,0.9980019960059882,2.352859475705742,-0.42665336858709313,-0.32300320992117804
939,0.377463101778748,0.9920317455237933,1.1931422579670057,-1.7282629989757414,-1.2153112311760055,-0.7891584945343187,-1.1984266170552789,-0.8300489893552743,-0.10391457649280908,0.2711693907027721,0.26442067219687293,1.2213887497425162,-0.43112226632230105,0.06173777664441539,-1.0020020040060118,-0.4250147577130797,-0.42665336858709313,-0.32300320992117804
940,0.01933871678942301,0.9920317455237933,-0.4411392811718339,0.7459861047833729,0.18643182669712655,0.8675773232424175,0.05080196222402497,-0.8300489893552743,-0.10391457649280908,0.2711693907027721,-0.8396322388547883,-1.2453513680294437,-1.3292936544937617,-1.148806863442157,0.9980019960059882,-0.4250147577130797,-0.42665336858709313,-0.32300320992117804
941,0.735587486768073,-1.0080322575483704,0.7262046753559086,-0.4911384470961842,1.5881748845702586,1.4198225958346629,1.7164400679297633,0.888478938916515,1.2456253779592577,-1.1712209853758033,1.3684735832485342,0.1642144135545334,-0.43112226632230105,-1.148806863442157,0.9980019960059882,-0.4250147577130797,-0.42665336858709313,0.7500971552654602
942,0.735587486768073,-1.0080322575483704,1.6600798405781025,-1.7282629989757414,-0.16400393777115643,2.5243131410191535,1.3000305415033289,-0.8300489893552743,-0.10391457649280908,0.2711693907027721,0.8164471277227036,1.5737801951385104,0.4670491218491595,1.2722824167309879,-1.0020020040060118,-0.4250147577130797,-0.42665336858709313,-0.32300320992117804
943,0.01933871678942301,0.9920317455237933,-1.6084832376995764,1.3645483807231515,-1.2153112311760055,-0.23691322194207332,-0.36560756420240964,-0.25720634659801117,-0.10391457649280908,1.7135597667813476,-1.391658694380619,1.5737801951385104,0.4670491218491595,0.06173777664441539,-1.0020020040060118,-0.4250147577130797,2.3438230508096156,-0.32300320992117804
944,0.01933871678942301,-1.0080322575483704,1.30987665361978,1.3645483807231515,0.8873033556336926,-0.23691322194207332,-0.7820170906288442,-0.8300489893552743,-0.10391457649280908,1.7135597667813476,-0.2876057833289577,-1.597742813425438,0.4670491218491595,0.06173777664441539,-1.0020020040060118,-0.4250147577130797,-0.42665336858709313,1.8231975204520983
945,1.451836256746723,0.9920317455237933,0.7262046753559086,0.7459861047833729,-1.5657469956442884,-0.23691322194207332,0.8836210150768942,1.4613215816737781,1.2456253779592577,0.2711693907027721,0.8164471277227036,-0.5405684772374552,0.4670491218491595,1.2722824167309879,0.9980019960059882,-0.4250147577130797,2.3438230508096156,0.7500971552654602
946,1.451836256746723,0.9920317455237933,0.37600148839758585,-1.1097007230359628,-1.2153112311760055,-0.23691322194207332,-0.7820170906288442,-0.8300489893552743,1.2456253779592577,0.2711693907027721,-1.391658694380619,0.5166058589505277,-1.3292936544937617,1.2722824167309879,0.9980019960059882,-0.4250147577130797,-0.42665336858709313,0.7500971552654602
947,-1.7712832081572016,-1.0080322575483704,-1.1415456550884793,0.12742382884359435,0.5368675911654095,-0.7891584945343187,-1.1984266170552789,-0.8300489893552743,-0.10391457649280908,0.2711693907027721,-0.8396322388547883,1.5737801951385104,0.4670491218491595,-1.148806863442157,0.9980019960059882,-0.4250147577130797,-0.42665336858709313,1.8231975204520983
948,0.377463101778748,-1.0080322575483704,0.37600148839758585,0.7459861047833729,-0.8648754667077224,-0.7891584945343187,-1.1984266170552789,-0.8300489893552743,-0.10391457649280908,0.2711693907027721,-1.391658694380619,-0.5405684772374552,-0.43112226632230105,1.2722824167309879,0.9980019960059882,2.352859475705742,2.3438230508096156,0.7500971552654602
949,0.01933871678942301,-1.0080322575483704,-1.2582800507412535,1.3645483807231515,0.5368675911654095,0.3153320506501721,-0.36560756420240964,-0.8300489893552743,-0.10391457649280908,-1.1712209853758033,0.8164471277227036,-1.597742813425438,1.36522051002062,-1.148806863442157,-1.0020020040060118,2.352859475705742,-0.42665336858709313,-0.32300320992117804
950,-0.3387856681999019,-1.0080322575483704,-0.3244048855190596,-1.1097007230359628,0.8873033556336926,-0.7891584945343187,-0.7820170906288442,-0.25720634659801117,1.2456253779592577,0.2711693907027721,0.8164471277227036,-1.597742813425438,1.36522051002062,0.06173777664441539,0.9980019960059882,2.352859475705742,-0.42665336858709313,0.7500971552654602
951,0.377463101778748,-1.0080322575483704,1.1931422579670057,-1.1097007230359628,-0.16400393777115643,0.8675773232424175,0.8836210150768942,0.31563629615925193,-1.4534545309448759,-1.1712209853758033,-1.391658694380619,-1.597742813425438,1.36522051002062,1.2722824167309879,-1.0020020040060118,-0.4250147577130797,2.3438230508096156,-0.32300320992117804
952,1.8099606417360476,-1.0080322575483704,-1.375014446394028,-1.7282629989757414,-0.5144397022394394,0.8675773232424175,2.132849594356198,2.0341642244310414,1.2456253779592577,0.2711693907027721,1.3684735832485342,1.5737801951385104,-1.3292936544937617,-1.148806863442157,0.9980019960059882,-0.4250147577130797,-0.42665336858709313,0.7500971552654602
953,-1.055034438178552,0.9920317455237933,-0.3244048855190596,-0.4911384470961842,1.5881748845702586,-0.23691322194207332,-0.36560756420240964,-0.25720634659801117,-1.4534545309448759,1.7135597667813476,0.26442067219687293,1.2213887497425162,0.4670491218491595,-1.148806863442157,-1.0020020040060118,-0.4250147577130797,-0.42665336858709313,0.7500971552654602
954,0.01933871678942301,-1.0080322575483704,-1.2582800507412535,-0.4911384470961842,-0.16400393777115643,-0.23691322194207332,-0.36560756420240964,-0.25720634659801117,-0.10391457649280908,-1.1712209853758033,-0.8396322388547883,0.868997304346522,-0.43112226632230105,1.2722824167309879,0.9980019960059882,-0.4250147577130797,-0.42665336858709313,-1.3961035751078161
955,-0.6969100531892269,-1.0080322575483704,0.6094702797031344,1.3645483807231515,0.5368675911654095,-0.7891584945343187,-1.1984266170552789,-0.8300489893552743,-1.4534545309448759,-1.1712209853758033,-0.2876057833289577,-1.597742813425438,-1.3292936544937617,1.2722824167309879,-1.0020020040060118,-0.4250147577130797,-0.42665336858709313,0.7500971552654602
956,0.735587486768073,-1.0080322575483704,0.25926709274481163,1.3645483807231515,1.2377391201019754,-0.23691322194207332,-0.7820170906288442,-0.8300489893552743,1.2456253779592577,-1.1712209853758033,1.3684735832485342,0.5166058589505277,0.4670491218491595,0.06173777664441539,0.9980019960059882,-0.4250147577130797,-0.42665336858709313,1.8231975204520983
957,-0.3387856681999019,0.9920317455237933,-0.3244048855190596,-0.4911384470961842,0.5368675911654095,-0.23691322194207332,-0.7820170906288442,-0.8300489893552743,-1.4534545309448759,1.7135597667813476,0.8164471277227036,-0.5405684772374552,1.36522051002062,-1.148806863442157,0.9980019960059882,-0.4250147577130797,-0.42665336858709313,1.8231975204520983
958,-0.6969100531892269,0.9920317455237933,1.6600798405781025,0.12742382884359435,-1.5657469956442884,0.3153320506501721,0.05080196222402497,-0.25720634659801117,-0.10391457649280908,0.2711693907027721,0.26442067219687293,-0.8929599226334495,-1.3292936544937617,-1.148806863442157,0.9980019960059882,-0.4250147577130797,-0.42665336858709313,-0.32300320992117804
959,-1.7712832081572016,0.9920317455237933,0.7262046753559086,0.7459861047833729,-0.5144397022394394,-0.7891584945343187,-1.1984266170552789,-0.8300489893552743,1.2456253779592577,-1.1712209853758033,-1.391658694380619,1.2213887497425162,-1.3292936544937617,1.2722824167309879,-1.0020020040060118,-0.4250147577130797,2.3438230508096156,-0.32300320992117804
960,1.093711871757398,0.9920317455237933,-1.6084832376995764,-1.1097007230359628,0.18643182669712655,0.3153320506501721,1.7164400679297633,2.0341642244310414,1.2456253779592577,1.7135597667813476,0.8164471277227036,-0.8929599226334495,-0.43112226632230105,-1.148806863442157,-1.0020020040060118,-0.4250147577130797,-0.42665336858709313,-0.32300320992117804
961,-0.6969100531892269,-1.0080322575483704,0.14253269709203736,-0.4911384470961842,-0.8648754667077224,-0.23691322194207332,-0.7820170906288442,-0.8300489893552743,-1.4534545309448759,-1.1712209853758033,1.3684735832485342,-0.8929599226334495,-0.43112226632230105,1.2722824167309879,0.9980019960059882,2.352859475705742,-0.42665336858709313,-1.3961035751078161
962,-1.055034438178552,0.9920317455237933,-0.6746080724773823,1.3645483807231515,0.18643182669712655,-0.7891584945343187,-0.7820170906288442,-0.25720634659801117,-1.4534545309448759,-1.1712209853758033,-0.2876057833289577,-0.18817703184146087,1.36522051002062,1.2722824167309879,0.9980019960059882,-0.4250147577130797,-0.42665336858709313,1.8231975204520983
963,0.735587486768073,0.9920317455237933,-0.09093609421351112,0.12742382884359435,-1.2153112311760055,-0.7891584945343187,-1.1984266170552789,-0.8300489893552743,-0.10391457649280908,0.2711693907027721,0.8164471277227036,1.2213887497425162,0.4670491218491595,0.06173777664441539,0.9980019960059882,-0.4250147577130797,-0.42665336858709313,-0.32300320992117804
964,-1.055034438178552,-1.0080322575483704,0.14253269709203736,0.7459861047833729,-0.16400393777115643,-0.7891584945343187,-1.1984266170552789,-0.8300489893552743,1.2456253779592577,-1.1712209853758033,-0.8396322388547883,-1.2453513680294437,-0.43112226632230105,0.06173777664441539,0.9980019960059882,-0.4250147577130797,2.3438230508096156,-1.3961035751078161
965,0.01933871678942301,-1.0080322575483704,-1.375014446394028,0.7459861047833729,-1.2153112311760055,-0.23691322194207332,0.05080196222402497,0.31563629615925193,1.2456253779592577,-1.1712209853758033,1.3684735832485342,0.1642144135545334,1.36522051002062,-1.148806863442157,-1.0020020040060118,-0.4250147577130797,-0.42665336858709313,1.8231975204520983
966,-0.3387856681999019,-1.0080322575483704,-1.1415456550884793,-0.4911384470961842,-0.16400393777115643,-0.23691322194207332,-0.36560756420240964,-0.25720634659801117,-0.10391457649280908,0.2711693907027721,0.26442067219687293,1.2213887497425162,-0.43112226632230105,1.2722824167309879,0.9980019960059882,-0.4250147577130797,-0.42665336858709313,1.8231975204520983
967,-1.055034438178552,0.9920317455237933,-0.20767048986628536,-1.1097007230359628,-1.5657469956442884,-0.7891584945343187,-0.7820170906288442,-0.25720634659801117,1.2456253779592577,0.2711693907027721,0.26442067219687293,-0.5405684772374552,-1.3292936544937617,-1.148806863442157,0.9980019960059882,-0.4250147577130797,-0.42665336858709313,1.8231975204520983
968,-1.4131588231678769,0.9920317455237933,-1.375014446394028,1.3645483807231515,1.2377391201019754,-0.23691322194207332,-0.36560756420240964,-0.25720634659801117,1.2456253779592577,-1.1712209853758033,-1.391658694380619,0.5166058589505277,-0.43112226632230105,-1.148806863442157,-1.0020020040060118,2.352859475705742,-0.42665336858709313,-1.3961035751078161
969,-1.4131588231678769,-1.0080322575483704,1.30987665361978,1.3645483807231515,-0.16400393777115643,-0.7891584945343187,-1.1984266170552789,-0.8300489893552743,-0.10391457649280908,1.7135597667813476,0.26442067219687293,0.868997304346522,-1.3292936544937617,1.2722824167309879,0.9980019960059882,-0.4250147577130797,-0.42665336858709313,-1.3961035751078161
970,-1.7712832081572016,0.9920317455237933,-0.9080768637829308,0.7459861047833729,1.2377391201019754,-0.7891584945343187,-1.1984266170552789,-0.8300489893552743,-0.10391457649280908,0.2711693907027721,1.3684735832485342,-1.597742813425438,-1.3292936544937617,1.2722824167309879,0.9980019960059882,-0.4250147577130797,-0.42665336858709313,-0.32300320992117804
971,-1.055034438178552,0.9920317455237933,-1.024811259435705,-0.4911384470961842,-1.5657469956442884,-0.23691322194207332,0.05080196222402497,0.31563629615925193,1.2456253779592577,0.2711693907027721,-1.391658694380619,-0.8929599226334495,0.4670491218491595,1.2722824167309879,-1.0020020040060118,-0.4250147577130797,-0.42665336858709313,-0.32300320992117804
972,-1.7712832081572016,0.9920317455237933,1.426611049272554,-1.7282629989757414,0.18643182669712655,-0.7891584945343187,-0.7820170906288442,-0.25720634659801117,1.2456253779592577,0.2711693907027721,1.3684735832485342,0.868997304346522,-0.43112226632230105,0.06173777664441539,0.9980019960059882,2.352859475705742,-0.42665336858709313,-0.32300320992117804
973,0.01933871678942301,-1.0080322575483704,0.7262046753559086,-0.4911384470961842,-0.5144397022394394,-0.7891584945343187,0.4672114886504596,1.4613215816737781,-1.4534545309448759,1.7135597667813476,-1.391658694380619,-1.2453513680294437,1.36522051002062,0.06173777664441539,0.9980019960059882,-0.4250147577130797,2.3438230508096156,-1.3961035751078161
974,-0.3387856681999019,-1.0080322575483704,0.8429390710086828,-1.7282629989757414,0.5368675911654095,-0.23691322194207332,-0.7820170906288442,-0.8300489893552743,-0.10391457649280908,0.2711693907027721,-0.2876057833289577,1.2213887497425162,0.4670491218491595,-1.148806863442157,0.9980019960059882,-0.4250147577130797,-0.42665336858709313,0.7500971552654602
975,1.451836256746723,-1.0080322575483704,-0.09093609421351112,0.7459861047833729,0.5368675911654095,-0.7891584945343187,0.4672114886504596,1.4613215816737781,-1.4534545309448759,0.2711693907027721,-0.2876057833289577,0.868997304346522,0.4670491218491595,0.06173777664441539,0.9980019960059882,-0.4250147577130797,-0.42665336858709313,-0.32300320992117804
976,1.093711871757398,-1.0080322575483704,0.959673466661457,1.3645483807231515,0.8873033556336926,-0.7891584945343187,0.05080196222402497,0.888478938916515,-1.4534545309448759,1.7135597667813476,1.3684735832485342,-0.18817703184146087,0.4670491218491595,1.2722824167309879,0.9980019960059882,-0.4250147577130797,-0.42665336858709313,-0.32300320992117804
977,1.451836256746723,-1.0080322575483704,-0.3244048855190596,-0.4911384470961842,1.5881748845702586,-0.7891584945343187,-0.7820170906288442,-0.25720634659801117,-0.10391457649280908,0.2711693907027721,1.3684735832485342,1.2213887497425162,-1.3292936544937617,-1.148806863442157,-1.0020020040060118,-0.4250147577130797,-0.42665336858709313,-1.3961035751078161
978,-1.055034438178552,0.9920317455237933,-0.5578736768246081,0.12742382884359435,-0.8648754667077224,0.8675773232424175,0.05080196222402497,-0.8300489893552743,1.2456253779592577,-1.1712209853758033,-1.391658694380619,-0.8929599226334495,0.4670491218491595,-1.148806863442157,-1.0020020040060118,2.352859475705742,-0.42665336858709313,-0.32300320992117804
979,-0.6969100531892269,0.9920317455237933,-0.7913424681301566,-1.1097007230359628,1.2377391201019754,0.8675773232424175,0.4672114886504596,-0.25720634659801117,-0.10391457649280908,1.7135597667813476,-0.8396322388547883,0.5166058589505277,0.4670491218491595,-1.148806863442157,0.9980019960059882,-0.4250147577130797,-0.42665336858709313,-1.3961035751078161
980,-1.055034438178552,0.9920317455237933,-0.7913424681301566,-0.4911384470961842,1.2377391201019754,-0.23691322194207332,-0.7820170906288442,-0.8300489893552743,1.2456253779592577,0.2711693907027721,0.26442067219687293,-0.8929599226334495,0.4670491218491595,1.2722824167309879,-1.0020020040060118,-0.4250147577130797,2.3438230508096156,-1.3961035751078161
981,0.377463101778748,0.9920317455237933,0.8429390710086828,-1.7282629989757414,-0.5144397022394394,-0.7891584945343187,-1.1984266170552789,-0.8300489893552743,-0.10391457649280908,-1.1712209853758033,-1.391658694380619,-0.18817703184146087,0.4670491218491595,1.2722824167309879,-1.0020020040060118,-0.4250147577130797,-0.42665336858709313,1.8231975204520983
982,1.451836256746723,-1.0080322575483704,-1.024811259435705,-0.4911384470961842,0.8873033556336926,0.8675773232424175,0.4672114886504596,-0.25720634659801117,-0.10391457649280908,-1.1712209853758033,-0.8396322388547883,-0.8929599226334495,-1.3292936544937617,1.2722824167309879,0.9980019960059882,-0.4250147577130797,2.3438230508096156,-0.32300320992117804
983,0.01933871678942301,0.9920317455237933,0.4927358840503601,1.3645483807231515,-0.5144397022394394,0.3153320506501721,-0.36560756420240964,-0.8300489893552743,-0.10391457649280908,-1.1712209853758033,-0.8396322388547883,0.868997304346522,-1.3292936544937617,-1.148806863442157,-1.0020020040060118,-0.4250147577130797,-0.42665336858709313,-1.3961035751078161
984,1.451836256746723,-1.0080322575483704,-1.375014446394028,0.7459861047833729,0.5368675911654095,0.8675773232424175,1.7164400679297633,1.4613215816737781,-1.4534545309448759,0.2711693907027721,-1.391658694380619,1.5737801951385104,-1.3292936544937617,-1.148806863442157,-1.0020020040060118,-0.4250147577130797,-0.42665336858709313,-1.3961035751078161
985,0.01933871678942301,0.9920317455237933,-0.6746080724773823,-0.4911384470961842,0.8873033556336926,1.4198225958346629,1.3000305415033289,0.31563629615925193,-0.10391457649280908,-1.1712209853758033,-0.2876057833289577,0.868997304346522,-1.3292936544937617,0.06173777664441539,-1.0020020040060118,-0.4250147577130797,-0.42665336858709313,-1.3961035751078161
986,-1.055034438178552,0.9920317455237933,-0.4411392811718339,-1.1097007230359628,-0.5144397022394394,-0.23691322194207332,-0.36560756420240964,-0.25720634659801117,-1.4534545309448759,-1.1712209853758033,-1.391658694380619,0.1642144135545334,1.36522051002062,-1.148806863442157,-1.0020020040060118,-0.4250147577130797,-0.42665336858709313,-0.32300320992117804
987,0.735587486768073,-1.0080322575483704,-0.6746080724773823,-1.7282629989757414,1.2377391201019754,0.3153320506501721,0.05080196222402497,-0.25720634659801117,-0.10391457649280908,0.2711693907027721,-0.8396322388547883,1.2213887497425162,0.4670491218491595,-1.148806863442157,-1.0020020040060118,-0.4250147577130797,-0.42665336858709313,-0.32300320992117804
988,-1.055034438178552,-1.0080322575483704,-0.5578736768246081,-1.1097007230359628,0.5368675911654095,-0.7891584945343187,-0.7820170906288442,-0.25720634659801117,1.2456253779592577,1.7135597667813476,-1.391658694380619,1.2213887497425162,-0.43112226632230105,0.06173777664441539,-1.0020020040060118,-0.4250147577130797,-0.42665336858709313,0.7500971552654602
989,-0.3387856681999019,-1.0080322575483704,-1.2582800507412535,-0.4911384470961842,-1.5657469956442884,-0.7891584945343187,-1.1984266170552789,-0.8300489893552743,-0.10391457649280908,0.2711693907027721,-0.2876057833289577,0.868997304346522,0.4670491218491595,1.2722824167309879,-1.0020020040060118,2.352859475705742,-0.42665336858709313,-0.32300320992117804
990,0.735587486768073,0.9920317455237933,-1.6084832376995764,-1.7282629989757414,-0.16400393777115643,3.076558413611399,1.7164400679297633,-0.8300489893552743,-1.4534545309448759,-1.1712209853758033,1.3684735832485342,1.2213887497425162,-1.3292936544937617,-1.148806863442157,-1.0020020040060118,2.352859475705742,-0.42665336858709313,0.7500971552654602
991,0.735587486768073,-1.0080322575483704,-1.2582800507412535,1.3645483807231515,1.2377391201019754,0.8675773232424175,1.3000305415033289,0.888478938916515,-0.10391457649280908,0.2711693907027721,1.3684735832485342,-1.597742813425438,-0.43112226632230105,-1.148806863442157,-1.0020020040060118,-0.4250147577130797,-0.42665336858709313,-1.3961035751078161
992,1.093711871757398,-1.0080322575483704,0.025798301439263118,-1.1097007230359628,-0.5144397022394394,-0.7891584945343187,-0.7820170906288442,-0.25720634659801117,1.2456253779592577,-1.1712209853758033,0.8164471277227036,-0.5405684772374552,-1.3292936544937617,0.06173777664441539,-1.0020020040060118,-0.4250147577130797,2.3438230508096156,-0.32300320992117804
993,0.735587486768073,0.9920317455237933,-1.1415456550884793,-1.7282629989757414,-1.2153112311760055,-0.23691322194207332,0.8836210150768942,1.4613215816737781,-1.4534545309448759,-1.1712209853758033,1.3684735832485342,-1.2453513680294437,-0.43112226632230105,-1.148806863442157,-1.0020020040060118,-0.4250147577130797,2.3438230508096156,0.7500971552654602
994,0.735587486768073,0.9920317455237933,-1.6084832376995764,0.7459861047833729,0.5368675911654095,-0.23691322194207332,0.4672114886504596,0.888478938916515,1.2456253779592577,0.2711693907027721,0.26442067219687293,0.1642144135545334,1.36522051002062,-1.148806863442157,-1.0020020040060118,-0.4250147577130797,-0.42665336858709313,-1.3961035751078161
995,0.735587486768073,-1.0080322575483704,0.6094702797031344,1.3645483807231515,0.5368675911654095,1.4198225958346629,0.4672114886504596,-0.8300489893552743,-0.10391457649280908,0.2711693907027721,0.8164471277227036,-0.18817703184146087,0.4670491218491595,0.06173777664441539,-1.0020020040060118,-0.4250147577130797,-0.42665336858709313,-0.32300320992117804
996,-1.4131588231678769,-1.0080322575483704,-0.7913424681301566,0.7459861047833729,0.5368675911654095,-0.23691322194207332,-0.36560756420240964,-0.25720634659801117,-0.10391457649280908,-1.1712209853758033,-0.8396322388547883,0.5166058589505277,-0.43112226632230105,-1.148806863442157,0.9980019960059882,2.352859475705742,-0.42665336858709313,0.7500971552654602
997,0.01933871678942301,0.9920317455237933,-0.5578736768246081,-1.7282629989757414,1.5881748845702586,-0.7891584945343187,-1.1984266170552789,-0.8300489893552743,1.2456253779592577,-1.1712209853758033,-0.8396322388547883,0.5166058589505277,0.4670491218491595,1.2722824167309879,-1.0020020040060118,2.352859475705742,-0.42665336858709313,0.7500971552654602
998,0.735587486768073,-1.0080322575483704,0.25926709274481163,0.12742382884359435,0.5368675911654095,-0.23691322194207332,0.05080196222402497,0.31563629615925193,-0.10391457649280908,0.2711693907027721,-1.391658694380619,-0.8929599226334495,-1.3292936544937617,-1.148806863442157,-1.0020020040060118,-0.4250147577130797,-0.42665336858709313,-1.3961035751078161
999,1.451836256746723,-1.0080322575483704,0.37600148839758585,-0.4911384470961842,-1.2153112311760055,3.076558413611399,2.132849594356198,-0.25720634659801117,1.2456253779592577,-1.1712209853758033,-0.8396322388547883,-1.597742813425438,-0.43112226632230105,-1.148806863442157,0.9980019960059882,-0.4250147577130797,-0.42665336858709313,0.7500971552654602
1000,-0.6969100531892269,-1.0080322575483704,-1.7252176333523506,0.12742382884359435,1.2377391201019754,-0.7891584945343187,-1.1984266170552789,-0.8300489893552743,1.2456253779592577,-1.1712209853758033,1.3684735832485342,1.2213887497425162,-1.3292936544937617,1.2722824167309879,-1.0020020040060118,-0.4250147577130797,-0.42665336858709313,-1.3961035751078161
